,name,img,description
0,Hone Atk 1,https://img.game8.co/3406272/2d4611dc422d6c73cba5d784b270d90e.png/show,"At start of turn, grants Atk+2 to adjacent allies for 1 turn."
1,Hone Atk 2,https://img.game8.co/3406271/2f6d29418c59246edd9f2c7d24da6188.png/show,"At start of turn, grants Atk+3 to adjacent allies for 1 turn."
2,Hone Atk 3,https://img.game8.co/3406270/398213c9a892edde49b9439b323a622c.png/show,"At start of turn, grants Atk+4 to adjacent allies for 1 turn."
3,Hone Spd 1,https://img.game8.co/3406266/f8e74deebd9ffd1e3a2ec21a508ddb4a.png/show,"At start of turn, grants Spd+2 to adjacent allies for 1 turn."
4,Hone Spd 2,https://img.game8.co/3406265/a161fcd8c71baaf5491f5530b809075e.png/show,"At start of turn, grants Spd+3 to adjacent allies for 1 turn."
5,Hone Spd 3,https://img.game8.co/3406264/67a38a88fd42431372eb20058687af9e.png/show,"At start of turn, grants Spd+4 to adjacent allies for 1 turn."
6,Fortify Def 1,https://img.game8.co/3407320/fc406ad63bf3d00e786aebc3279fb6c9.png/show,"At start of turn, grants Def+2 to adjacent allies for 1 turn."
7,Fortify Def 2,https://img.game8.co/3407319/1b45fed17d76ff36ca536fce5fff4b74.png/show,"At start of turn, grants Def+3 to adjacent allies for 1 turn."
8,Fortify Def 3,https://img.game8.co/3407321/14b712be74dff8591cad8b97546f159b.png/show,"At start of turn, grants Def+4 to adjacent allies for 1 turn."
9,Fortify Res 1,https://img.game8.co/3406322/e2b8ccf0a442e6f100a436ead47dfc4a.png/show,"At start of turn, grants Res+2 to adjacent allies for 1 turn."
10,Fortify Res 2,https://img.game8.co/3406321/30818567c774b923043c32b748a8984c.png/show,"At start of turn, grants Res+3 to adjacent allies for 1 turn."
11,Fortify Res 3,https://img.game8.co/3406320/44d2fb2fe57ce9c3aa05e14f727324b3.png/show,"At start of turn, grants Res+4 to adjacent allies for 1 turn."
12,Hone Cavalry,https://img.game8.co/3406269/816b83ee2f80e1ef7edbf5fd27ed1d43.png/show,"At start of turn, grants Atk/Spd+6 to adjacent cavalry allies for 1 turn."
13,Fortify Cavalry,https://img.game8.co/3407322/cf0c1e6966a7a42952770a598b0f38a4.png/show,"At start of turn, grants Def/Res+6 to adjacent cavalry allies for 1 turn."
14,Hone Fliers,https://img.game8.co/3406267/6252caa4d4a160ebe95d0a2c292e2f76.png/show,"At start of turn, grants Atk/Spd+6 to adjacent flying allies for 1 turn."
15,Fortify Fliers,https://img.game8.co/3405921/a57e29e5c6a7e4fc17e2f5a57f41f846.png/show,"At start of turn, grants Def/Res+6 to adjacent flying allies for 1 turn."
16,Hone Armor,https://img.game8.co/3406273/ffe6cc2fee9d290c665a4d2ccd10689f.png/show,"At start of turn, grants Atk/Spd+6 to adjacent armored allies for 1 turn."
17,Fortify Armor,https://img.game8.co/3407323/e803bdd5e16ba37e71101bcfd06c5eaf.png/show,"At start of turn, grants Def/Res+6 to adjacent armored allies for 1 turn."
18,Fortify Dragons,https://img.game8.co/3405920/1de2898664c109827bc7935f46ce7719.png/show,"At start of turn, grants Def/Res+6 to adjacent dragon allies for 1 turn."
19,Hone Dragons,https://img.game8.co/3406268/3d48d731bca5fe330be5f749cd9be3fd.png/show,"At start of turn, grants Atk/Spd+6 to adjacent dragon allies for 1 turn."
20,Hone Beasts,https://img.game8.co/3408782/d3839fedefb6a30f4cc15ee7ba4b309d.png/show,"At start of turn, grants Atk/Spd+6 to adjacent beast allies for 1 turn."
21,Fortify Beasts,https://img.game8.co/3408781/a6c080f9ef9ee25df4699b232571259d.png/show,"At start of turn, grants Def/Res+6 to adjacent beast allies for 1 turn."
22,Hone Atk 4,https://img.game8.co/3408609/bce8ad69a23bb0542eeea1859a8d2f29.png/show,"At start of turn, grants Atk+7 to adjacent allies for 1 turn."
23,Hone Spd 4,https://img.game8.co/3375373/844dc36c0890c8398a9870cab4d39405.png/show,"At start of turn, grants Spd+7 to adjacent allies for 1 turn."
24,Fortify Def 4,https://img.game8.co/3408612/a97d3dd098827532288a6363bcbbde5a.png/show,"At start of turn, grants Def +7 to adjacent allies for 1 turn."
25,Fortify Res 4,https://img.game8.co/3408605/9039f2ebd619660daf3477ae047dfb14.png/show,"At start of turn, grants Res+7 to adjacent allies for 1 turn."
26,Joint Hone Atk,https://img.game8.co/3408607/c6e3b61d94e9a47d159b4898c742466f.png/show,"At start of turn, if unit is adjacent to an ally, grants Atk+5 to unit and adjacent allies for 1 turn."
27,Joint Hone Spd,https://img.game8.co/3408611/c728adc9cfa77ba6dd8120bd724401fb.png/show,"At start of turn, if unit is adjacent to an ally, grants Spd+5 to unit and adjacent allies for 1 turn."
28,Joint Hone Def,https://img.game8.co/3408608/8188717371ad27ef065094c2d2557b2f.png/show,"At start of turn, if unit is adjacent to an ally, grants Def+5 to unit and adjacent allies for 1 turn."
29,Joint Hone Res,https://img.game8.co/3408613/2ba5f8efb1a2b5e7efd55332ecbec9ba.png/show,"At start of turn, if unit is adjacent to an ally, grants Res+5 to unit and adjacent allies for 1 turn."
30,Atk Tactic 1,https://img.game8.co/3407875/97d7d444e65a746d18e5bbabe30007f8.png/show,"At start of turn, grants Atk +2 to allies within 2 spaces for 1 turn. Granted only if the number of that ally\xe2\x80\x99s movement type on current team \xe2\x89\xa4 2."
31,Atk Tactic 2,https://img.game8.co/3407873/e1becc400cfd5e9807932229db065ef2.png/show,"At start of turn, grants Atk +4 to allies within 2 spaces for 1 turn. Granted only if the number of that ally\xe2\x80\x99s movement type on current team \xe2\x89\xa4 2."
32,Atk Tactic 3,https://img.game8.co/3407876/509cf3b34070bf9cbfe91d91ea1153da.png/show,"At start of turn, grants Atk +6 to allies within 2 spaces for 1 turn. Granted only if the number of that ally\xe2\x80\x99s movement type on current team \xe2\x89\xa4 2."
33,Spd Tactic 1,https://img.game8.co/3405675/27531e8cdc46687b0b9086ee38ea13b1.png/show,"At start of turn, grants Spd +2 to allies within 2 spaces for 1 turn. Granted only if the number of that ally\xe2\x80\x99s movement type on current team \xe2\x89\xa4 2."
34,Spd Tactic 2,https://img.game8.co/3405676/73674580e5e0815e6c7344d68f09fe50.png/show,"At start of turn, grants Spd +4 to allies within 2 spaces for 1 turn. Granted only if the number of that ally\xe2\x80\x99s movement type on current team \xe2\x89\xa4 2."
35,Spd Tactic 3,https://img.game8.co/3405674/ba3234e845e3ddf99b7b8bd3a0746269.png/show,"At start of turn, grants Spd +6 to allies within 2 spaces for 1 turn. Granted only if the number of that ally\xe2\x80\x99s movement type on current team \xe2\x89\xa4 2."
36,Def Tactic 1,https://img.game8.co/3407665/db2f2cc95abd7bd3bb1efae3f09ba1b0.png/show,"At start of turn, grants Def +2 to allies within 2 spaces for 1 turn. Granted only if number of that ally\xe2\x80\x99s movement type on current team \xe2\x89\xa4 2."
37,Def Tactic 2,https://img.game8.co/3407672/b1044d6c00742923b585a6df8dc6c834.png/show,"At start of turn, grants Def +4 to allies within 2 spaces for 1 turn. Granted only if number of that ally\xe2\x80\x99s movement type on current team \xe2\x89\xa4 2."
38,Def Tactic 3,https://img.game8.co/3407669/3119b2fbeff5e1abc548027633ff2c61.png/show,"At start of turn, grants Def +6 to allies within 2 spaces for 1 turn. Granted only if number of that ally\xe2\x80\x99s movement type on current team \xe2\x89\xa4 2."
39,Res Tactic 1,https://img.game8.co/3405733/a9589ab51a86da7ec651db76900f4c26.png/show,"At start of turn, grants Res +2 to allies within 2 spaces for 1 turn. Granted only if the number of that ally\xe2\x80\x99s movement type on current team \xe2\x89\xa4 2."
40,Res Tactic 2,https://img.game8.co/3405734/e1079440b33f6dafda47550150792371.png/show,"At start of turn, grants Res +4 to allies within 2 spaces for 1 turn. Granted only if the number of that ally\xe2\x80\x99s movement type on current team \xe2\x89\xa4 2."
41,Res Tactic 3,https://img.game8.co/3405732/9e7cc790f71d7eae605909367f9736ca.png/show,"At start of turn, grants Res +6 to allies within 2 spaces for 1 turn. Granted only if the number of that ally\xe2\x80\x99s movement type on current team \xe2\x89\xa4 2."
42,Odd Atk Wave 1,https://img.game8.co/3406129/9a02a0788e415ee49d8a25253f6f5394.png/show,"At start of odd-numbered turns, grants Atk +2 to unit and adjacent allies for 1 turn. (Bonus granted to unit even if no allies are adjacent. )"
43,Odd Atk Wave 2,https://img.game8.co/3406128/ab57afa28ffe3966ebf3fe6cacc1af1c.png/show,"At start of odd-numbered turns, grants Atk +4 to unit and adjacent allies for 1 turn. (Bonus granted to unit even if no allies are adjacent. )"
44,Odd Atk Wave 3,https://img.game8.co/3406127/fb2fc1a1ad5c0b5a090d50b2d4ed0f86.png/show,"At start of odd-numbered turns, grants Atk +6 to unit and adjacent allies for 1 turn. (Bonus granted to unit even if no allies are adjacent. )"
45,Even Atk Wave 1,https://img.game8.co/3407558/7c5b7776e8ff56469c90f52d6820b97e.png/show,"At start of even-numbered turns, grants Atk +2 to unit and adjacent allies for 1 turn. (Bonus granted to unit even if no allies are adjacent. )"
46,Even Atk Wave 2,https://img.game8.co/3407555/f48fab6b67d3f565bb932816930b1e2f.png/show,"At start of even-numbered turns, grants Atk +4 to unit and adjacent allies for 1 turn. (Bonus granted to unit even if no allies are adjacent. )"
47,Even Atk Wave 3,https://img.game8.co/3407554/84a34628d106b45b5c638c5e4491e4a8.png/show,"At start of even-numbered turns, grants Atk +6 to unit and adjacent allies for 1 turn. (Bonus granted to unit even if no allies are adjacent. )"
48,Odd Spd Wave 1,https://img.game8.co/3406119/d896b63442b62f062539fb356c04a597.png/show,"At start of odd-numbered turns, grants Spd +2 to unit and adjacent allies for 1 turn. (Bonus granted to unit even if no allies are adjacent. )"
49,Odd Spd Wave 2,https://img.game8.co/3406118/97b5525bc263c9439031be139cb37c73.png/show,"At start of odd-numbered turns, grants Spd +4 to unit and adjacent allies for 1 turn. (Bonus granted to unit even if no allies are adjacent. )"
50,Odd Spd Wave 3,https://img.game8.co/3406117/be3a276263c7055f27ce9c3220787c5d.png/show,"At start of odd-numbered turns, grants Spd +6 to unit and adjacent allies for 1 turn. (Bonus granted to unit even if no allies are adjacent. )"
51,Even Spd Wave 1,https://img.game8.co/3407553/9a4c132a62fe0e51f5e802b95b306693.png/show,"At start of even-numbered turns, grants Spd +2 to unit and adjacent allies for 1 turn. (Bonus granted to unit even if no allies are adjacent. )"
52,Even Spd Wave 2,https://img.game8.co/3407552/b1c2843620c139d2ebfe6bdf644eac34.png/show,"At start of even-numbered turns, grants Spd +4 to unit and adjacent allies for 1 turn. (Bonus granted to unit even if no allies are adjacent. )"
53,Even Spd Wave 3,https://img.game8.co/3407551/b998ad7cbd7550449ea53cd5bb835211.png/show,"At start of even-numbered turns, grants Spd +6 to unit and adjacent allies for 1 turn. (Bonus granted to unit even if no allies are adjacent. )"
54,Odd Def Wave 1,https://img.game8.co/3406125/790f7efa55c6ec7e432fc048a9b51696.png/show,"At start of odd-numbered turns, grants Def +2 to unit and adjacent allies for 1 turn. (Bonus granted to unit even if no allies are adjacent. )"
55,Odd Def Wave 2,https://img.game8.co/3406124/f70d51df59bb15bed702dd9904ec5f60.png/show,"At start of odd-numbered turns, grants Def +4 to unit and adjacent allies for 1 turn. (Bonus granted to unit even if no allies are adjacent. )"
56,Odd Def Wave 3,https://img.game8.co/3406123/e254907cda941754c0030a212785697c.png/show,"At start of odd-numbered turns, grants Def +6 to unit and adjacent allies for 1 turn. (Bonus granted to unit even if no allies are adjacent. )"
57,Even Def Wave 1,https://img.game8.co/3407557/0bc4ba016525d9e7137ea24bd3f80f48.png/show,"At start of even-numbered turns, grants Def +2 to unit and adjacent allies for 1 turn. (Bonus granted to unit even if no allies are adjacent. )"
58,Even Def Wave 2,https://img.game8.co/3407547/63532a51ff906db059ec2afbabe3502a.png/show,"At start of even-numbered turns, grants Def +4 to unit and adjacent allies for 1 turn. (Bonus granted to unit even if no allies are adjacent. )"
59,Even Def Wave 3,https://img.game8.co/3407548/d72ea93df1b76ac5fa0a779f907ea4d2.png/show,"At start of even-numbered turns, grants Def +6 to unit and adjacent allies for 1 turn. (Bonus granted to unit even if no allies are adjacent. )"
60,Odd Res Wave 1,https://img.game8.co/3406122/fb6d5429d069349f694fd5ef1dd957ad.png/show,"At start of odd-numbered turns, grants Res +2 to unit and adjacent allies for 1 turn. (Bonus granted to unit even if no allies are adjacent. )"
61,Odd Res Wave 2,https://img.game8.co/3406121/680bf7d2d6d8871e4eac80b60457134e.png/show,"At start of odd-numbered turns, grants Res +4 to unit and adjacent allies for 1 turn. (Bonus granted to unit even if no allies are adjacent. )"
62,Odd Res Wave 3,https://img.game8.co/3406120/2b4d8bc0a6e94fd305ad57bce97cac33.png/show,"At start of odd-numbered turns, grants Res +6 to unit and adjacent allies for 1 turn. (Bonus granted to unit even if no allies are adjacent. )"
63,Even Res Wave 1,https://img.game8.co/3407549/b83492ec86bab7d6c64e24278ae95535.png/show,"At start of even-numbered turns, grants Res +2 to unit and adjacent allies for 1 turn. (Bonus granted to unit even if no allies are adjacent. )"
64,Even Res Wave 2,https://img.game8.co/3407550/0f9822bfd2ee73ab39bca76fb5353dec.png/show,"At start of even-numbered turns, grants Res +4 to unit and adjacent allies for 1 turn. (Bonus granted to unit even if no allies are adjacent. )"
65,Even Res Wave 3,https://img.game8.co/3407556/4734e61860a992df970f79e71c01af7c.png/show,"At start of even-numbered turns, grants Res +6 to unit and adjacent allies for 1 turn. (Bonus granted to unit even if no allies are adjacent. )"
66,Atk Opening 1,https://img.game8.co/3408826/47a1c3fb320bf10403481ded3730b93d.png/show,"At start of turn, grants Atk+2 to ally with the highest Atk for 1 turn. (Excludes unit.)"
67,Atk Opening 2,https://img.game8.co/3408822/edf0f0665e05c24bbf71cded752c21e3.png/show,"At start of turn, grants Atk+4 to ally with the highest Atk for 1 turn. (Excludes unit.)"
68,Atk Opening 3,https://img.game8.co/3408824/bc00b14721137bec8c17fdd8cdc9fb22.png/show,"At start of turn, grants Atk+6 to ally with the highest Atk for 1 turn. (Excludes unit.)"
69,Spd Opening 1,https://img.game8.co/3408801/fb7ec29779b0629c21d20835fe5830ab.png/show,"At start of turn, grants Spd+2 to ally with the highest Spd for 1 turn. (Excludes unit.)"
70,Spd Opening 2,https://img.game8.co/3408799/66732e033c31d8bde5b433379c16c363.png/show,"At start of turn, grants Spd+4 to ally with the highest Spd for 1 turn. (Excludes unit.)"
71,Spd Opening 3,https://img.game8.co/3408802/88ce0e0cdd01f6cf3312e60a8ea754b1.png/show,"At start of turn, grants Spd+6 to ally with the highest Spd for 1 turn. (Excludes unit.)"
72,Res Opening 1,https://img.game8.co/3408791/3d4ad4322b3d40182498bcf72d9e8672.png/show,"At start of turn, grants Res+2 to ally with the highest Res for 1 turn. (Excludes unit.)"
73,Res Opening 2,https://img.game8.co/3408796/356c62795047e0aeb7da7e6e4dc3c232.png/show,"At start of turn, grants Res+4 to ally with the highest Res for 1 turn. (Excludes unit.)"
74,Res Opening 3,https://img.game8.co/3408793/e0ccc8aa086649c9de8152814f175075.png/show,"At start of turn, grants Res+6 to ally with the highest Res for 1 turn. (Excludes unit.)"
75,Def Opening 1,https://img.game8.co/3408794/30f77e7a5842dc8943de94fbd3d3d7ab.png/show,"At start of turn, grants Def+2 to ally with the highest Def for 1 turn. (Excludes unit.)"
76,Def Opening 2,https://img.game8.co/3408797/f2b114a870fede3438025740c744245f.png/show,"At start of turn, grants Def+4 to ally with the highest Def for 1 turn. (Excludes unit.)"
77,Def Opening 3,https://img.game8.co/3408795/cd212b628876c1aaa706816e16778a07.png/show,"At start of turn, grants Def+6 to ally with the highest Def for 1 turn. (Excludes unit.)"
78,Atk/Res Gap 1,https://img.game8.co/3408889/eaeb280d059b8ef76fcc3e9cc96c6a18.png/show,"At start of turn, grants Atk/Res+1 to ally with the highest Atk+Res total for 1 turn. (Excludes unit.)"
79,Atk/Res Gap 2,https://img.game8.co/3408888/bd427fafc4281b93d39f4718efa26f57.png/show,"At start of turn, grants Atk/Res+3 to ally with the highest Atk+Res total for 1 turn. (Excludes unit.)"
80,Atk/Res Gap 3,https://img.game8.co/3408884/7d8fd91073432bc925ba8dc0319656c4.png/show,"At start of turn, grants Atk/Res+5 to ally with the highest Atk+Res total for 1 turn. (Excludes unit.)"
81,Spd/Res Gap 1,https://img.game8.co/3407963/fd67c78a69951e43782bd3080ac7dfae.png/show,"At start of turn, grants Spd/Res+1 to ally with the highest Spd+Res total for 1 turn. (Excludes unit.)"
82,Spd/Res Gap 2,https://img.game8.co/3407962/b9de48cc91de65d7a2aa32bc418b6641.png/show,"At start of turn, grants Spd/Res+3 to ally with the highest Spd+Res total for 1 turn. (Excludes unit.)"
83,Spd/Res Gap 3,https://img.game8.co/3407961/85e76c41629786aad0fbe402c3219bac.png/show,"At start of turn, grants Spd/Res+5 to ally with the highest Spd+Res total for 1 turn. (Excludes unit.)"
84,Def/Res Gap 1,https://img.game8.co/3408874/928ee7a57a3d75285dbc4b7ab6c25537.png/show,"At start of turn, grants Def/Res+1 to ally with the highest Def+Res total for 1 turn. (Excludes unit.)"
85,Def/Res Gap 2,https://img.game8.co/3408875/70686bad43b0b806e7c40cd4446b6943.png/show,"At start of turn, grants Def/Res+3 to ally with the highest Def+Res total for 1 turn. (Excludes unit.)"
86,Def/Res Gap 3,https://img.game8.co/3408871/9bf4511d0d2e305d61432f6e0aa673f7.png/show,"At start of turn, grants Def/Res+5 to ally with the highest Def+Res total for 1 turn. (Excludes unit.)"
87,Atk/Spd Gap 1,https://img.game8.co/3407952/0e4bbe969dd7dffbd80e6b363ff1aee3.png/show,"At start of turn, grants Atk/Spd+1 to ally with the highest Atk+Spd total for 1 turn. (Excludes unit.)"
88,Atk/Spd Gap 2,https://img.game8.co/3407951/76347f15ff75e00b65e17c1daf15c3c5.png/show,"At start of turn, grants Atk/Spd+3 to ally with the highest Atk+Spd total for 1 turn. (Excludes unit.)"
89,Atk/Spd Gap 3,https://img.game8.co/3407950/cc7ebeebed19b587c555a0a78efa8bb5.png/show,"At start of turn, grants Atk/Spd+5 to ally with the highest Atk+Spd total for 1 turn. (Excludes unit.)"
90,Atk/Def Gap 1,https://img.game8.co/3408016/beeec175678059a120bb7a0cf446fc29.png/show,"At start of turn, grants Atk/Def +1 to ally with the highest Atk+Def total for 1 turn. (Excludes unit)."
91,Atk/Def Gap 2,https://img.game8.co/3408017/a01f4e193d645d1d388980ee0df708a7.png/show,"At start of turn, grants Atk/Def +3 to ally with the highest Atk+Def total for 1 turn. (Excludes unit)."
92,Atk/Def Gap 3,https://img.game8.co/3408019/ba2f75d87acb40df23d29b2b60b31d98.png/show,"At start of turn, grants Atk/Def +5 to ally with the highest Atk+Def total for 1 turn. (Excludes unit)."
93,Spd/Def Gap 3,https://img.game8.co/3336751/42031890c7c707d2f7dc709ab92a305b.png/show,"At start of turn, grants Spd/Def+5 to ally with the highest Spd+Def total for 1 turn. (Excludes unit)"
94,Spd/Def Gap 2,https://img.game8.co/3336749/f8dfa91a9e54f02756eb3bdc7a0fc158.png/show,"At start of turn, grants Spd/Def+4 to ally with the highest Spd+Def total for 1 turn. (Excludes unit)"
95,Spd/Def Gap 1,https://img.game8.co/3336738/eb154b6ca0fa920574e036e1d4d8abd9.png/show,"At start of turn, grants Spd/Def+3 to ally with the highest Spd+Def total for 1 turn. (Excludes unit)"
96,Atk/Res Oath 1,https://img.game8.co/3375120/5c0c6216a2154f420a656a67a4ca122f.png/show,"At start of turn, if unit is adjacent to an ally, grants Atk/Res+3 for 1 turn."
97,Atk/Res Oath 2,https://img.game8.co/3375121/af876ea1870b5cc89e1aff11ae4aa63b.png/show,"At start of turn, if unit is adjacent to an ally, grants Atk/Res+4 for 1 turn."
98,Atk/Res Oath 3,https://img.game8.co/3375122/5c03bd1feabed4af901821b2f09ce60b.png/show,"At start of turn, if unit is adjacent to an ally, grants Atk/Res+5 to unit for 1 turn."
99,Atk/Def Oath 1,https://img.game8.co/3407975/467161c0173c3481cfb989665191913d.png/show,"At start of turn, if unit is adjacent to an ally, grants Atk/Def+3 for 1 turn."
100,Atk/Def Oath 2,https://img.game8.co/3407977/36fafea00367cae78c6b141a4bdf477a.png/show,"At start of turn, if unit is adjacent to an ally, grants Atk/Def+4 for 1 turn."
101,Atk/Def Oath 3,https://img.game8.co/3407976/316dc114e0d5ced1b099bd44a5d68952.png/show,"At start of turn, if unit is adjacent to an ally, grants Atk/Def+5 for 1 turn."
102,Atk/Spd Oath 1,https://img.game8.co/3407958/72755cac9c2771b3876627eecbb3d2a0.png/show,"At start of turn, if unit is adjacent to an ally, grants Atk/Spd+3 for 1 turn."
103,Atk/Spd Oath 2,https://img.game8.co/3407959/6d0e26d458e288da4f0fee89e69d47e9.png/show,"At start of turn, if unit is adjacent to an ally, grants Atk/Spd+4 for 1 turn."
104,Atk/Spd Oath 3,https://img.game8.co/3407960/e185a97fce98ded53a3a99086aeae1af.png/show,"At start of turn, if unit is adjacent to an ally, grants Atk/Spd+5 for 1 turn."
105,Def/Res Oath 1,https://img.game8.co/3407954/646aace73648e62a98819b0b451bd76d.png/show,"At start of turn, if unit is adjacent to an ally, grants Def/Res+3 for 1 turn."
106,Def/Res Oath 2,https://img.game8.co/3407955/7a4bc930f69147b73ae2b4ac810abc03.png/show,"At start of turn, if unit is adjacent to an ally, grants Def/Res+4 for 1 turn."
107,Def/Res Oath 3,https://img.game8.co/3407956/ff06b983bac3b21a5c27c0696be197c6.png/show,"At start of turn, if unit is adjacent to an ally, grants Def/Res+5 for 1 turn."
108,Spd/Def Oath 1,https://img.game8.co/3408110/518b21f65b8c7d96a57a98dfd060777a.png/show,"At start of turn, if unit is adjacent to an ally, grants Spd/Def+3 to unit for 1 turn."
109,Spd/Def Oath 2,https://img.game8.co/3408116/1699f947a4c03b52d01d5c61ce97b09d.png/show,"At start of turn, if unit is adjacent to an ally, grants Spd/Def+4 to unit for 1 turn."
110,Spd/Def Oath 3,https://img.game8.co/3408118/6fd8ef42639144f2dafd102274dfd1a8.png/show,"At start of turn, if unit is adjacent to an ally, grants Spd/Def +5 to unit for 1 turn."
111,Rouse Atk/Def 1,https://img.game8.co/3408778/09963a5feb3fda4eb2944389598f7f7f.png/show,"At start of turn, if unit is not adjacent to an ally, grants Atk/Def+2 for 1 turn."
112,Rouse Atk/Def 2,https://img.game8.co/3408787/4d540a432d91edf3120f684c333bdbe8.png/show,"At start of turn, if unit is not adjacent to an ally, grants Atk/Def+4 for 1 turn."
113,Rouse Atk/Def 3,https://img.game8.co/3408785/88cfbf269e0aca476f92f60381d084fc.png/show,"At start of turn, if unit is not adjacent to an ally, grants Atk/Def+6 for 1 turn."
114,Rouse Def/Res 1,https://img.game8.co/3407966/345610a0f18e0cbbe9042ec0b9f8f633.png/show,"At start of turn, if unit is not adjacent to an ally, grants Def/Res+2 to unit for 1 turn."
115,Rouse Def/Res 2,https://img.game8.co/3407964/c15317ac4c19686ad54981e8ac34e692.png/show,"At start of turn, if unit is not adjacent to an ally, grants Def/Res+4 to unit for 1 turn."
116,Rouse Def/Res 3,https://img.game8.co/3407965/bcd894f21b1595ce5f3ef2da1502e9ad.png/show,"At start of turn, if unit is not adjacent to an ally, grants Def/Res+6 to unit for 1 turn."
117,Rouse Spd/Res 1,https://img.game8.co/3407933/ce06ce4e20d6713332e9cf1c9f342cdf.png/show,"At start of turn, if unit is not adjacent to an ally, grants Spd/Res +2 to unit for 1 turn."
118,Rouse Spd/Res 2,https://img.game8.co/3407934/6c21876f22f31a642ed26d7f092f536d.png/show,"At start of turn, if unit is not adjacent to an ally, grants Spd/Res +4 to unit for 1 turn."
119,Rouse Spd/Res 3,https://img.game8.co/3234418/73fe2a869c9f04fce066024b6176a271.png/show,"At start of turn, if unit is not adjacent to an ally, grants Spd/Res +6 to unit for 1 turn."
120,Rouse Spd/Def 1,https://img.game8.co/3407910/252a0f2cb2dffe0b1c11296ebb17d5ca.png/show,"At start of turn, if unit is not adjacent to an ally, grants Spd/Def +2 to unit for 1 turn."
121,Rouse Spd/Def 2,https://img.game8.co/3407912/b57440c8fbfdc41863e5cb2d9e7d196b.png/show,"At start of turn, if unit is not adjacent to an ally, grants Spd/Def +4 to unit for 1 turn."
122,Rouse Spd/Def 3,https://img.game8.co/3407911/5979a16fba3b7aea3463dda5ee47a3bd.png/show,"At start of turn, if unit is not adjacent to an ally, grants Spd/Def +6 to unit for 1 turn."
123,Rouse Atk/Res 1,https://img.game8.co/3408788/4131d96f79f4967539a5306818119a6f.png/show,"At start of turn, if unit is not adjacent to an ally, grants Atk/Res +2 to unit for 1 turn."
124,Rouse Atk/Res 2,https://img.game8.co/3408804/3f6c26476eacbe8c70600f6b244b26bc.png/show,"At start of turn, if unit is not adjacent to an ally, grants Atk/Res +4 to unit for 1 turn."
125,Rouse Atk/Res 3,https://img.game8.co/3408805/d3bf462d99f545840e8db4f34cf90a1a.png/show,"At start of turn, if unit is not adjacent to an ally, grants Atk/Res +6 to unit for 1 turn."
126,Rouse Atk/Spd 1,https://img.game8.co/3408837/c3ad41f90899ce394d6390f4a0a518d2.png/show,"At start of turn, if unit is not adjacent to an ally, grants Atk/Spd+2 to unit for 1 turn."
127,Rouse Atk/Spd 2,https://img.game8.co/3408831/e0ad5053d4922eec64de8a61a164e6ad.png/show,"At start of turn, if unit is not adjacent to an ally, grants Atk/Spd+4 to unit for 1 turn."
128,Rouse Atk/Spd 3,https://img.game8.co/3408833/c399619a2034117407a0d01c5bbcde0d.png/show,"At start of turn, if unit is not adjacent to an ally, grants Atk/Spd+6 for 1 turn."
129,Rouse Atk/Spd 4,https://img.game8.co/3447111/50299670858cea59f8058177f3e8ab52.png/show,"At start of turn, if unit is not adjacent to an ally, grants Atk/Spd+6 and \xe3\x80\x90Null Panic\xe3\x80\x91 to unit for 1 turn.  \xe3\x80\x90Null Panic\xe3\x80\x91 if unit is inflicted with Panic (bonuses converted into penalties), neutralizes the ""converts bonuses on target into penalties"" effect for 1 turn. (Even though the effect is neutralized, the Panic status remains, and is treated as a Penalty status.)"
130,Rouse Spd/Def 4,https://img.game8.co/3457075/f90bfd71e5e4d71a24de60efe0f1fbc3.png/show,"At start of turn, if unit is not adjacent to an ally, grants Spd/Def+6 and \xe3\x80\x90Null Panic\xe3\x80\x91 to unit for 1 turn.  \xe3\x80\x90Null Panic\xe3\x80\x91 if unit is inflicted with Panic (bonuses converted into penalties), neutralizes the ""converts bonuses on target into penalties"" effect for 1 turn. (Even though the effect is neutralized, the Panic status remains, and is treated as a Penalty status.)"
131,Rouse Atk/Def 4,https://img.game8.co/3463830/455bbdbab1c6921d24e089a619b8dbc6.png/show,"At start of turn, if unit is not adjacent to an ally, grants Atk/Def+6 and \xe3\x80\x90Null Panic\xe3\x80\x91 to unit for 1 turn.  \xe3\x80\x90Null Panic\xe3\x80\x91 if unit is inflicted with Panic (bonuses converted into penalties), neutralizes the ""converts bonuses on target into penalties"" effect for 1 turn. (Even though the effect is neutralized, the Panic status remains, and is treated as a Penalty status.)"
132,,,
133,Cross Spur Res Icon,https://img.game8.co/1190313/d4dfb87089e68482b6a8e5e202d2e319_2017-10-14.png/show,Grants Res+5 to allies in cardinal directions of unit during combat.
134,Spur Atk 1,https://img.game8.co/3405649/8dc218f4aee75eba278004fc4a591752.png/show,Grants adjacent allies Atk +2 during combat.
135,Spur Atk 2,https://img.game8.co/3405647/91005d699a1d055cd605ea81b48815ae.png/show,Grants adjacent allies Atk +3 during combat.
136,Spur Atk 3,https://img.game8.co/3405648/f25ed768ed83b08661c04e966f4b6568.png/show,Grants adjacent allies Atk +4 during combat.
137,Spur Spd 1,https://img.game8.co/3405623/b0b6fd42d96724e0ebddb4bd50f92105.png/show,Grants adjacent allies Spd +2 during combat.
138,Spur Spd 2,https://img.game8.co/3405624/560b784f09761c897f31ee48077e2838.png/show,Grants adjacent allies Spd +3 during combat.
139,Spur Spd 3,https://img.game8.co/3405622/f4f0bdf9287bb3dae089a437bac2aece.png/show,Grants adjacent allies Spd +4 during combat.
140,Spur Def 1,https://img.game8.co/3405632/d1de8410d81a9cfb544e8fea5fcea9ab.png/show,Grants adjacent allies Def +2 during combat.
141,Spur Def 2,https://img.game8.co/3405631/43b5020f04e33b7968d262d4c8d6d2f0.png/show,Grants adjacent allies Def +3 during combat.
142,Spur Def 3,https://img.game8.co/3405630/119c725a0c3e9df8525bb211c9938168.png/show,Grants adjacent allies Def +4 during combat.
143,Spur Res 1,https://img.game8.co/3405627/67804400abc3cc03fc15a29c9e229a9d.png/show,Grants adjacent allies Res +2 during combat.
144,Spur Res 2,https://img.game8.co/3405626/5ca41aaf22449494db26609b3142c995.png/show,Grants adjacent allies Res +3 during combat.
145,Spur Res 3,https://img.game8.co/3405625/459296a73dd9882d182bedbcd0f64a81.png/show,Grants adjacent allies Res +4 during combat.
146,Spur Atk/Spd 1,https://img.game8.co/3405642/34235255ff88fea5ed814d230f4d59ed.png/show,Grants adjacent allies Atk/Spd +2 during combat.
147,Spur Atk/Spd 2,https://img.game8.co/3405641/0cf4d74d653f87220a8adc08ca27add8.png/show,Grants adjacent allies Atk/Spd +3 during combat.
148,Spur Atk/Def 1,https://img.game8.co/3405646/f640081009237dd829235d91ba0e515e.png/show,Grants adjacent allies Atk/Def +2 during combat.
149,Spur Atk/Def 2,https://img.game8.co/3405645/1ccc9f228e8c88ac0b3ddf0e35bb3310.png/show,Grants adjacent allies Atk/Def +3 during combat.
150,Spur Atk/Res 1,https://img.game8.co/3405643/b7bdcbbde17181ab1d063acace1820f4.png/show,Grants adjacent allies Atk/Res +2 during combat.
151,Spur Atk/Res 2,https://img.game8.co/3405644/a26db72330dd317376d4645c9d4c7917.png/show,Grants adjacent allies Atk/Res +3 during combat.
152,Spur Spd/Def 1,https://img.game8.co/3405621/50b4b04965445502b92e68030f8b70ce.png/show,Grants adjacent allies Spd/Def +2 during combat.
153,Spur Spd/Def 2,https://img.game8.co/3405620/df7a4674497469df03f5b43b5a0b3af7.png/show,Grants adjacent allies Spd/Def +3 during combat.
154,Spur Spd/Res 1,https://img.game8.co/3405618/828d145f7e5173155777d1370bf9c5fc.png/show,Grants adjacent allies Spd/Res +2 during combat.
155,Spur Spd/Res 2,https://img.game8.co/3405619/2fd6998f7dfac676602360b4cb0c7c2a.png/show,Grants adjacent allies Spd/Res +3 during combat.
156,Spur Def/Res 1,https://img.game8.co/3405628/79824bac401d7b7402e9c664d17b8cb5.png/show,Grants adjacent allies Def/Res +2 during combat.
157,Spur Def/Res 2,https://img.game8.co/3405629/596cfcfc79a5651b57c32c6861773d20.png/show,Grants adjacent allies Def/Res +3 during combat.
158,Drive Atk 1,https://img.game8.co/3407622/4437e6b44b06b5574346cb829bd1c99f.png/show,Grants allies within 2 spaces Atk +2 during combat.
159,Drive Atk 2,https://img.game8.co/3407623/32f5da08198ac111dfa456c877822435.png/show,Grants allies within 2 spaces Atk +3 during combat.
160,Drive Spd 1,https://img.game8.co/3407627/6601f4b915bd88e65b1549bdea7597d3.png/show,Grants allies within 2 spaces Spd +2 during combat.
161,Drive Spd 2,https://img.game8.co/3407624/8a11d3fc7ccf692f4dc4f6a3c279e8fb.png/show,Grants allies within 2 spaces Spd +3 during combat.
162,Drive Def 1,https://img.game8.co/3407626/aee48952216482f25536d55cd460a6b1.png/show,Grants allies within 2 spaces Def +2 during combat.
163,Drive Def 2,https://img.game8.co/3407625/74df70b59cd4eae28629dfc21cbc181e.png/show,Grants allies within 2 spaces Def +3 during combat.
164,Drive Res 1,https://img.game8.co/3407621/4f597549fdf1e7b1bf5616c5f7a2128b.png/show,Grants allies within 2 spaces Res +2 during combat.
165,Drive Res 2,https://img.game8.co/3407628/22cad8f54a1bbfd9f91f06133b8b94e9.png/show,Grants allies within 2 spaces Res +3 during combat.
166,Joint Drive Atk,https://img.game8.co/3405754/4cb46c410ade476521fa809f6758d414.png/show,"Grants Atk+4 to allies within 2 spaces during combat. If unit is within 2 spaces of an ally, grants Atk+4 to unit during combat."
167,Joint Drive Spd,https://img.game8.co/3408606/be0b2a98faa5ea710033922073c4afa6.png/show,"Grants Spd +4 to allies within 2 spaces during combat. If unit is within 2 spaces of an ally, grants Spd +4 to unit during combat."
168,Joint Drive Res,https://img.game8.co/3408610/14a1ae8d3a6a1b0aa81ec7ae38129640.png/show,"Grants Res+4 to allies within 2 spaces during combat. If unit is within 2 spaces of an ally, grants Res+4 to unit during combat."
169,Goad Cavalry,https://img.game8.co/3406296/8de5db1359be33beac58813c4f9a2720.png/show,Grants Atk/Spd+4 to cavalry allies within 2 spaces during combat.
170,Ward Cavalry,https://img.game8.co/3405541/feb3f1ad45a83f0e128f7e630c44e4e2.png/show,Grants Def/Res+4 to cavalry allies within 2 spaces during combat.
171,Goad Fliers,https://img.game8.co/3406294/78d5cd464b6584f60b7dcac21319a488.png/show,Grants Atk/Spd+4 to flying allies within 2 spaces during combat.
172,Ward Fliers,https://img.game8.co/3405542/6d1f2f5efaa5c8bcf2912669da06438a.png/show,Grants Def/Res+4 to flying allies within 2 spaces during combat.
173,Goad Armor,https://img.game8.co/3406297/2dbe91ee06078c520832a2079e5a16f9.png/show,Grants Atk/Spd+4 to armored allies within 2 spaces during combat.
174,Ward Armor,https://img.game8.co/3405540/415db63e5fff2dec64bcc8b0285f052c.png/show,Grants Def/Res+4 to armored allies within 2 spaces during combat.
175,Goad Dragons,https://img.game8.co/3406295/91fc447b3775e49e3cb040da99ccfff0.png/show,Grants Atk/Spd +4 to dragon allies within 2 spaces during combat.
176,Ward Dragons,https://img.game8.co/3405543/4df67c73b73af5bc41470d71260b43b0.png/show,Grants Def/Res+4 to dragon allies within 2 spaces during combat.
177,Ward Beasts,https://img.game8.co/3408783/09b4538e00772b2414ec08bd0a3c52b1.png/show,Grants Def/Res+4 to beast allies within 2 spaces during combat.
178,Goad Beasts,https://img.game8.co/3408784/c77fb59aab2e435817be99fc95dce459.png/show,Grants Atk/Spd+4 to beast allies within 2 spaces during combat.
179,Atk/Spd Rein 1,https://img.game8.co/3408809/613d318a26226407840c171fc8ada69e.png/show,Inflicts Atk/Spd-2 on foes within 2 spaces during combat.
180,Atk/Spd Rein 2,https://img.game8.co/3408798/650c261f59b1b23e301be89cbd63e574.png/show,Inflicts Atk/Spd-3 on foes within 2 spaces during combat.
181,Atk/Spd Rein 3,https://img.game8.co/3408807/65997d08a74f7b268699ce18d42a7d64.png/show,Inflicts Atk/Spd-4 on foes within 2 spaces during combat.
182,Spd/Def Rein 1,https://img.game8.co/3408820/c25f0b6dd64a2d89e29140310fd39a82.png/show,Inflicts Spd/Def-2 on foes within 2 spaces during combat.
183,Spd/Def Rein 2,https://img.game8.co/3408819/43fa02aef2f76407f3d02e092c309955.png/show,Inflicts Spd/Def-3 on foes within 2 spaces during combat.
184,Spd/Def Rein 3,https://img.game8.co/3408821/86c0a25610c8771afce25032bf0e1291.png/show,Inflicts Spd/Def-4 on foes within 2 spaces during combat.
185,Atk/Res Rein 1,https://img.game8.co/3373137/caed877746d8d0b4076c641b8354495b.png/show,Inflicts Atk/Res-2 on foes within 2 spaces during combat.
186,Atk/Res Rein 2,https://img.game8.co/3373139/b6fd7a00a58a2c7c31bc8046f8429cfe.png/show,Inflicts Atk/Res-3 on foes within 2 spaces during combat.
187,Atk/Res Rein 3,https://img.game8.co/3373138/5d5920607f8cc222d88d601f2c66c845.png/show,Inflicts Atk/Res-4 on foes within 2 spaces during combat.
188,Atk/Def Rein 1,https://img.game8.co/3336732/ce8032315954766ff453d8fb8f0546ea.png/show,Inflicts Atk/Def-2 on foes within 2 spaces during combat.
189,Atk/Def Rein 2,https://img.game8.co/3336778/1430c08a3804bb3455c458443082fa4c.png/show,Inflicts Atk/Def-3 on foes within 2 spaces during combat.
190,Atk/Def Rein 3,https://img.game8.co/3336735/1c3f7ee97a0289df3e37dc3c6bc8ee74.png/show,Inflicts Atk/Def-4 on foes within 2 spaces during combat.
191,Spd/Res Rein 1,https://img.game8.co/3408810/fd85cfc688a0982e0ea721acc63569f2.png/show,Inflicts Spd/Res-2 on foes within 2 spaces during combat.
192,Spd/Res Rein 2,https://img.game8.co/3408811/7e93187487552e7fec63ebd173c137e5.png/show,Inflicts Spd/Res-3 on foes within 2 spaces during combat.
193,Spd/Res Rein 3,https://img.game8.co/3408816/83db11f3a4d9966e8702b02eb945cb0d.png/show,Inflicts Spd/Res-4 on foes within 2 spaces during combat.
194,Def/Res Rein 1,https://img.game8.co/3399804/043b450e00e76e1e04c5951c519b1ced.png/show,Inflicts Def/Res -2 on foes within 2 spaces during combat.
195,Def/Res Rein 2,https://img.game8.co/3399805/e57acc9599d8b88c803f125e0807aa10.png/show,Inflicts Def/Res -3 on foes within 2 spaces during combat.
196,Def/Res Rein 3,https://img.game8.co/3399806/ad35ac5d0844a5b540a23e5c310badbc.png/show,Inflicts Def/Res -4 on foes within 2 spaces during combat.
197,Joint Drive Def,https://img.game8.co/3404712/6ff294150ede10410b350f013723d85a.png/show,"Grants Def+4 to allies within 2 spaces during combat.  If unit is within 2 spaces of an ally, grants Def+4 to unit during combat."
198,Cross Spur Atk,https://img.game8.co/3464252/37705634bf9f536f0b407919534fc3bc.png/show,Grants Atk+5 to allies in cardinal directions of unit during combat.
199,,,
200,Threaten Atk 1,https://img.game8.co/3405570/d3e2bb11cb8c7ad0910228a1680b3fb4.png/show,"At start of turn, inflicts Atk-3 on foes within 2 spaces through their next actions."
201,Threaten Atk 2,https://img.game8.co/3405568/5272b38956b8e8a446ebdc255a018be8.png/show,"At start of turn, inflicts Atk-4 on foes within 2 spaces through their next actions."
202,Threaten Atk 3,https://img.game8.co/3405569/b4be624634be932b90d95c6e1185010c.png/show,"At start of turn, inflicts Atk-5 on foes within 2 spaces through their next actions."
203,Threaten Spd 1,https://img.game8.co/3405560/9dcaefd001a6d05168a6b43cbac8564c.png/show,"At start of turn, inflicts Spd-3 on foes within 2 spaces through their next actions."
204,Threaten Spd 2,https://img.game8.co/3405561/3da3b220b4205a2b131458920da7161b.png/show,"At start of turn, inflicts Spd-4 on foes within 2 spaces through their next actions."
205,Threaten Spd 3,https://img.game8.co/3405559/8e97acc05283ed04fb5838b72f8e8337.png/show,"At start of turn, inflicts Spd-5 on foes within 2 spaces through their next actions."
206,Threaten Def 1,https://img.game8.co/3405567/4698f0881fb5ba6094acb10879a647a3.png/show,"At start of turn, inflicts Def-3 on foes within 2 spaces through their next actions."
207,Threaten Def 2,https://img.game8.co/3405566/1ee642778c43c50156e5269cd87ee7b9.png/show,"At start of turn, inflicts Def-4 on foes within 2 spaces through their next actions."
208,Threaten Def 3,https://img.game8.co/3405565/3cd0b22334697c86af1f410769defad6.png/show,"At start of turn, inflicts Def-5 on foes within 2 spaces through their next actions."
209,Threaten Res 1,https://img.game8.co/3405563/f03ed2bf600679fa689f23212dc08659.png/show,Inflicts Res -3 on foes within 2 spaces through their next actions at the start of each turn.
210,Threaten Res 2,https://img.game8.co/3405564/2ac4c26a09016595ab3e8e15cd0b9d2a.png/show,Inflicts Res -4 on foes within 2 spaces through their next actions at the start of each turn.
211,Threaten Res 3,https://img.game8.co/3405562/bcd93f527702406683a5a27efc515422.png/show,Inflicts Res -5 on foes within 2 spaces through their next actions at the start of each turn.
212,Threat. Atk/Spd 1,https://img.game8.co/3375175/430155d188bba6f60991659b5da4cd1e.png/show,"At start of turn, inflicts Atk/Spd-3 on foes within 2 spaces through their next actions."
213,Threat. Atk/Spd 2,https://img.game8.co/3375176/049dbcfd452c14ad0e0293ec1a7762e3.png/show,"At start of turn, inflicts Atk/Spd-4 on foes within 2 spaces through their next actions."
214,Threat. Atk/Spd 3,https://img.game8.co/3375174/451e860dcbd738ca6d7dc45f9b0f46b4.png/show,"At start of turn, if unit is within 2 spaces of a foe, grants Atk/Spd+5 to unit for 1 turn and inflicts Atk/Spd-5 on foes within 2 spaces through their next actions."
215,Threat. Atk/Res 1,https://img.game8.co/3408887/980c4d6e4bc558459081cfd3f361014d.png/show,"At start of turn, inflicts Atk/Res-3 on foes within 2 spaces through their next actions."
216,Threat. Atk/Res 2,https://img.game8.co/3408885/3b384ed588ae0b638ca3e5623d5be97d.png/show,"At start of turn, inflicts Atk/Res-4 on foes within 2 spaces through their next actions."
217,Threat. Atk/Res 3,https://img.game8.co/3408886/49efccbe12611e9de76dc896bb5e0178.png/show,"At start of turn, if unit is within 2 spaces of a foe, grants Atk/Res+5 to unit for 1 turn and inflicts Atk/Res-5 on foes within 2 spaces through their next actions."
218,Threat. Atk/Def 1,https://img.game8.co/3462038/ae14bfffbd62bdd230e3cb104896a065.png/show,"At start of turn, inflicts Atk/Def-3 on foes within 2 spaces through their next actions."
219,Threat. Atk/Def 2,https://img.game8.co/3462039/77be24d4af5e24670f528d392f5abc15.png/show,"At start of turn, inflicts Atk/Def-4 on foes within 2 spaces through their next actions."
220,Threat. Atk/Def 3,https://img.game8.co/3462040/87bacb9a1b01cd7af38d536d6a68d37c.png/show,"At start of turn, if unit is within 2 spaces of a foe, grants Atk/Def +5 to unit for 1 turn and inflicts Atk/Def -5 on foes within 2 spaces through their next actions."
221,Atk/Def Menace,https://img.game8.co/3375464/a839277ead176aad2394505728cf2cfa.png/show,"At start of turn, inflicts Atk/Def-6 on nearest foes within 4 spaces through their next actions and grants Atk/Def+6 to unit for 1 turn."
222,Threaten Def/Res 1,https://img.game8.co/3373130/e33c388d730e876658386f4f82b7cafa.png/show,"At start of turn, inflicts Def/Res-3 on foes within 2 spaces through their next actions."
223,Atk/Res Menace,https://img.game8.co/3375465/240b15abe8bb0918e3e03afae7701148.png/show,"At start of turn, inflicts Atk/Res-6 on nearest foes within 4 spaces through their next actions and grants Atk/Res+6 to unit for 1 turn."
224,Threaten Def/Res 2,https://img.game8.co/3373134/3ee5654b7e6b47d111ec4aaa3ac99ee6.png/show,"At start of turn, inflicts Def/Res-4 on foes within 2 spaces through their next actions."
225,Def/Res Menace,https://img.game8.co/3373133/efb1ca3718d6586c257c3025e3c5735b.png/show,"At start of turn, if unit is within 4 spaces of a foe, inflicts Def/Res-6 on closest foes through their next actions and grants Def/Res+6 to unit for 1 turn."
226,Atk/Spd Menace,https://img.game8.co/3408604/a0825847e6bf6994adb3c7dfc1597c12.png/show,"At start of turn, if unit is within 4 spaces of a foe, inflicts Atk/Spd-6 on closest foes through their next actions and grants Atk/Spd+6 to unit for 1 turn."
227,Threat. Spd/Def 1,https://img.game8.co/3384398/4ef348915c1f79462c6bce3df7743dcf.png/show,"At start of turn, inflicts Spd/Def-3 on foes within 2 spaces through their next actions."
228,Threat. Spd/Def 2,https://img.game8.co/3384397/a9a495c12ac1ab1e993f7395ce276ffd.png/show,"At start of turn, inflicts Spd/Def-4 on foes within 2 spaces through their next actions."
229,Savage Blow 1,https://img.game8.co/3405723/b4eb13b1b4cb9165738333c6457beeca.png/show,"If unit initiates attack, foes within 2 spaces of target take 3 damage after combat."
230,Savage Blow 2,https://img.game8.co/3405722/79dac3333cd4e073fc1388909d0d5347.png/show,"If unit initiates attack, foes within 2 spaces of target take 5 damage after combat."
231,Savage Blow 3,https://img.game8.co/3405721/4d64110052e24637b51144179694a574.png/show,"If unit initiates attack, foes within 2 spaces of target take 7 damage after combat."
232,Breath of Life 1,https://img.game8.co/3407760/3acf318b2b3ef7e3e5ed7e675ca4e7fb.png/show,"If unit initiates combat, restores 3 HP to adjacent allies after combat."
233,Breath of Life 2,https://img.game8.co/3407762/936cd331639ac331a14beb7f1edc7463.png/show,"If unit initiates combat, restores 5 HP to adjacent allies after combat."
234,Breath of Life 3,https://img.game8.co/3407761/ba0d519df291f1f68932cb397d2bdd32.png/show,"If unit initiates combat, restores 7 HP to adjacent allies after combat."
235,Atk Smoke 1,https://img.game8.co/3407879/52ea8a2bb84cbf8b4ca8e9af8a2b4db1.png/show,"After combat, inflicts Atk -3 on foes within 2 spaces of target through their next actions."
236,Atk Smoke 2,https://img.game8.co/3407872/8ecfd6a60428cb560f9e2c46e3695655.png/show,"After combat, inflicts Atk -5 on foes within 2 spaces of target through their next actions."
237,Atk Smoke 3,https://img.game8.co/3407874/f503f2a5a53158107e0636f15f5fb4fc.png/show,"After combat, inflicts Atk -7 on foes within 2 spaces of target through their next actions."
238,Spd Smoke 3,https://img.game8.co/3405684/01749cb727779b9cfd6e4081044237a0.png/show,"After combat, inflicts Spd -7 on foes within 2 spaces of target through their next actions."
239,Spd Smoke 2,https://img.game8.co/3405682/32ddf7c04077f2ba8efd4b95dd05b8f6.png/show,"After combat, inflicts Spd -5 on foes within 2 spaces of target through their next actions."
240,Spd Smoke 1,https://img.game8.co/3405683/32a47b92098ecffc7546ae611b1e4895.png/show,"After combat, inflicts Spd -3 on foes within 2 spaces of target through their next actions."
241,Def Smoke 3,https://img.game8.co/3407689/8beb65db99f68169dc22b21f94bd393f.png/show,"After combat, inflicts Def -7 on foes within 2 spaces of target through their next actions."
242,Def Smoke 1,https://img.game8.co/3407688/a0c80e34749003698ede3ef01823fde4.png/show,"After combat, inflicts Def -3 on foes within 2 spaces of target through their next actions."
243,Def Smoke 2,https://img.game8.co/3407685/831fc3140442672a5e806d99e5250821.png/show,"After combat, inflicts Def -5 on foes within 2 spaces of target through their next actions."
244,Res Smoke 1,https://img.game8.co/3405737/21b87a98bad2972708308c61f5fab042.png/show,"After combat, inflicts Res -3 on foes within 2 spaces of target through their next actions."
245,Res Smoke 2,https://img.game8.co/3405735/4b10596a2be6d98403a5c1c4c96f5ad3.png/show,"After combat, inflicts Res -5 on foes within 2 spaces of target through their next actions."
246,Res Smoke 3,https://img.game8.co/3405736/9c6e371472bdc7610d8859ae6455bda4.png/show,"After combat, inflicts Res -7 on foes within 2 spaces of target through their next actions."
247,Pulse Smoke 1,https://img.game8.co/3375178/9933b4141d2df708f90df5747b95233b.png/show,"If unit initiates combat, inflicts Special cooldown count+1 on target and foes within 1 space of target after combat. (No effect on Special cooldown counts already at maximum.)"
248,Pulse Smoke 2,https://img.game8.co/3375177/48a2a500082025fe0846140d6162d923.png/show,"If unit initiates combat, inflicts Special cooldown count+1 on target and foes within 2 spaces of target after combat. (No effect on Special cooldown counts already at maximum.)"
249,Pulse Smoke 3,https://img.game8.co/3375179/c7a27389e7077505c1558e19c122af90.png/show,Inflicts Special cooldown count+1 on target and foes within 2 spaces of target after combat. (No effect on Special cooldown counts already at maximum.)
250,Panic Smoke 1,https://img.game8.co/3408873/e49d4ca4d41e11ffb5e31e0318cf2488.png/show,"If unit initiates combat, inflicts\xe3\x80\x90Panic\xe3\x80\x91on target and foes within 1 space of target after combat.\xe3\x80\x90Panic\xe3\x80\x91 Converts bonuses on target into penalties through its next action."
251,Panic Smoke 2,https://img.game8.co/3408877/5c7ee68764469cbb172c563bad319b39.png/show,"If unit initiates combat, inflicts\xe3\x80\x90Panic\xe3\x80\x91on target and foes within 2 space of target after combat.\xe3\x80\x90Panic\xe3\x80\x91 Converts bonuses on target into penalties through its next action."
252,Panic Smoke 3,https://img.game8.co/3408879/d1022e54be263f2f153f008f9674d43f.png/show,Inflicts\xe3\x80\x90Panic\xe3\x80\x91on target and foes within 2 spaces of target after combat.\xe3\x80\x90Panic\xe3\x80\x91 Converts bonuses on target into penalties through its next action.
253,Fatal Smoke 1,https://img.game8.co/3408823/1c002ec643f55788afc8d007f71f3800.png/show,"If unit initiates combat, foe cannot recover HP during or after combat, and after combat, inflicts\xe3\x80\x90Deep Wounds\xe3\x80\x91on target and foes within 1 space of target.\xe3\x80\x90Deep Wounds\xe3\x80\x91Unit's HP cannot be healed through its next action."
254,Fatal Smoke 2,https://img.game8.co/3408825/b65c169c3c0bd79c205006efedca60d6.png/show,"If unit initiates combat, foe cannot recover HP during or after combat, and after combat, inflicts\xe3\x80\x90Deep Wounds\xe3\x80\x91on target and foes within 2 spaces of target.\xe3\x80\x90Deep Wounds\xe3\x80\x91Unit's HP cannot be healed through its next action."
255,Fatal Smoke 3,https://img.game8.co/3408827/3ff28760a70f2ec779e31a160f7a309e.png/show,"Foe cannot recover HP during or after combat, and after combat, inflicts\xe3\x80\x90Deep Wounds\xe3\x80\x91on target and foes within 2 spaces of target.\xe3\x80\x90Deep Wounds\xe3\x80\x91Unit\xe2\x80\x99s HP cannot be healed through its next action."
256,Inf. Hexblade 1,https://img.game8.co/3408842/b3e9c46a1f0a2fdbda5656662ffe38cb.png/show,"If adjacent infantry allies use sword, lance, axe, bow, or dagger, calculates their damage using the lower of foe's Def or Res during combat. (Does not affect damage dealt by Specials that trigger before combat.)"
257,Inf. Hexblade 2,https://img.game8.co/3408839/d183afd5afdfa8eac0d7bd9a1237c1c5.png/show,"If adjacent infantry allies use sword, lance, axe, bow, or dagger, grants Atk/Spd+1 to those allies and calculates their damage using the lower of foe's Def or Res during combat. (Does not affect damage dealt by Specials that trigger before combat.)"
258,Inf. Hexblade 3,https://img.game8.co/3408841/3b501bc886d9f958bdfff1e8c19a2d65.png/show,"If adjacent infantry allies use sword, lance, axe, bow, or dagger, grants Atk/Spd+2 to those allies and calculates their damage using the lower of foe's Def or Res during combat. (Does not affect damage dealt by Specials that trigger before combat.)"
259,,,
260,Atk Ploy 1,https://img.game8.co/3407869/1ffe78e32bce1eb36210cbbe4760702f.png/show,"At start of turn, inflicts Atk-3 on foes in cardinal directions with Res < unit\xe2\x80\x99s Res through their next actions."
261,Atk Ploy 2,https://img.game8.co/3407871/3319e0920b713d1ce2285e75e00d9d64.png/show,"At start of turn, inflicts Atk-4 on foes in cardinal directions with Res < unit\xe2\x80\x99s Res through their next actions."
262,Stall Ploy 1,https://img.game8.co/3399808/9dc59ac611df0364fc0c873700b53b04.png/show,"At start of turn, inflicts \xe3\x80\x90Stall\xe3\x80\x91 on foes in cardinal directions with HP < unit\'s HP-5.   \xe3\x80\x90Stall\xe3\x80\x91 If unit has ""unit can move 1 extra space"", converts that effect into ""restricts movement to 1 space"" through its next action."
263,Atk Ploy 3,https://img.game8.co/3407870/ad7f3e26048d8640d6c40e89f77693c0.png/show,"At start of turn, inflicts Atk-5 on foes in cardinal directions with Res < unit\xe2\x80\x99s Res through their next actions."
264,Stall Ploy 2,https://img.game8.co/3399809/9cddb93fbcc4a885f3c4f713cff07dde.png/show,"At start of turn, inflicts \xe3\x80\x90Stall\xe3\x80\x91 on foes in cardinal directions with HP < unit\'s HP-3.   \xe3\x80\x90Stall\xe3\x80\x91 If unit has ""unit can move 1 extra space"", converts that effect into ""restricts movement to 1 space"" through its next action."
265,Spd Ploy 1,https://img.game8.co/3405688/ac56562d70adc1ac3b2b45be19ce85a4.png/show,"At start of turn, inflicts Spd-3 on foes in cardinal directions with Res < unit\xe2\x80\x99s Res through their next actions."
266,Stall Ploy 3,https://img.game8.co/3399810/c9736b51bfc6059324e80f310deb9a2a.png/show,"At start of turn, inflicts \xe3\x80\x90Stall\xe3\x80\x91 on foes in cardinal directions with HP < unit\'s HP.   \xe3\x80\x90Stall\xe3\x80\x91 If unit has ""unit can move 1 extra space"", converts that effect into ""restricts movement to 1 space"" through its next action."
267,Spd Ploy 2,https://img.game8.co/3405686/6efa3d19acc7a9d778dc8303b5a4e292.png/show,"At start of turn, inflicts Spd-4 on foes in cardinal directions with Res < unit\xe2\x80\x99s Res through their next actions."
268,Spd Ploy 3,https://img.game8.co/3405687/3b91a169b4bc0509ade68e0df8b6fb5a.png/show,"At start of turn, inflicts Spd-5 on foes in cardinal directions with Res < unit\xe2\x80\x99s Res through their next actions."
269,Def Ploy 1,https://img.game8.co/3407684/4c8967daf91c872cb51eca7d99a80024.png/show,"At start of turn, inflicts Def-3 on foes in cardinal directions with Res < unit\xe2\x80\x99s Res through their next actions."
270,Def Ploy 2,https://img.game8.co/3407687/1f8e6fd1771822ab2903e665ae66b588.png/show,"At start of turn, inflicts Def-4 on foes in cardinal directions with Res < unit\xe2\x80\x99s Res through their next actions."
271,Def Ploy 3,https://img.game8.co/3407680/eef614cade55debea6487b8d88a19fbf.png/show,"At start of turn, inflicts Def-5 on foes in cardinal directions with Res < unit\xe2\x80\x99s Res through their next actions."
272,Res Ploy 1,https://img.game8.co/3405745/c22de39231bd796434a897a866233fd8.png/show,"At start of turn, inflicts Res-3 on foes in cardinal directions with Res < unit\xe2\x80\x99s Res through their next actions."
273,Res Ploy 2,https://img.game8.co/3405746/2f2ddd1fbffada60900773447df44b76.png/show,"At start of turn, inflicts Res-4 on foes in cardinal directions with Res < unit\xe2\x80\x99s Res through their next actions."
274,Res Ploy 3,https://img.game8.co/3405744/cc63c032c2ebb7bbdfd1c246c7438c0d.png/show,"At start of turn, inflicts Res-5 on foes in cardinal directions with Res < unit\xe2\x80\x99s Res through their next actions."
275,Panic Ploy 1,https://img.game8.co/3405776/4e24895d8efdcf05108ff321a09c8ea8.png/show,"At start of turn, converts bonuses on foes in cardinal directions with HP \xe2\x89\xa4 unit\xe2\x80\x99s HP-5 into penalties through their next actions."
276,Panic Ploy 2,https://img.game8.co/3405775/33167b49f8df4cd0372c586faa5419a9.png/show,"At start of turn, converts bonuses on foes in cardinal directions with HP \xe2\x89\xa4 unit\xe2\x80\x99s HP-3 into penalties through their next actions."
277,Panic Ploy 3,https://img.game8.co/3405774/243a1e712cf821fd1259456f34f80728.png/show,"At start of turn, converts bonuses on foes in cardinal directions with HP \xe2\x89\xa4 unit\xe2\x80\x99s HP into penalties through their next actions."
278,,,
279,Red Feud 1,https://img.game8.co/3457073/c8e10fa3a80a8a4556dc7e8b461089c2.png/show,"If in combat against a red foe, disables skills of all foes, excluding foe in combat. During combat, disables skills of all red foes, excluding foe in combat."
280,Red Feud 2,https://img.game8.co/3457072/6d8a9d9d79268d2c418bd7cac92e6f8e.png/show,"If in combat against a red foe, disables skills of all foes, excluding foe in combat, and inflicts Atk/Spd/Def/Res-2 on foe during combat. During combat, disables skills of all red foes, excluding foe in combat."
281,Red Feud 3,https://img.game8.co/3457071/6eb05c14e08aafda430a330519d72f88.png/show,"If in combat against a red foe, disables skills of all foes, excluding foe in combat, and inflicts Atk/Spd/Def/Res-4 on foe during combat. During combat, disables skills of all red foes, excluding foe in combat."
282,C Feud 1,https://img.game8.co/3459662/33077e155ff3e39824b2aa481ba3ad3b.png/show,"If in combat against a colorless foe, disables skills of all foes, excluding foe in combat. During combat, disables skills of all colorless foes, excluding foe in combat."
283,C Feud 2,https://img.game8.co/3459663/895fab86ff20ebd2f36777305f647b68.png/show,"If in combat against a colorless foe, disables skills of all foes, excluding foe in combat, and inflicts Atk/Spd/Def/Res-2 on foe during combat. During combat, disables skills of all colorless foes, excluding foe in combat."
284,C Feud 3,https://img.game8.co/3459659/727e374e168c21f1d0ccee297923921c.png/show,"If in combat against a colorless foe, disables skills of all foes, excluding foe in combat, and inflicts Atk/Spd/Def/Res-4 on foe during combat. During combat, disables skills of all colorless foes, excluding foe in combat."
285,Green Feud 1,https://img.game8.co/3464523/6492d8215eac06e693bd146be708ec97.png/show,"If in combat against a red foe, disables skills of all foes, excluding foe in combat. During combat, disables skills of all green foes, excluding foe in combat."
286,Green Feud 2,https://img.game8.co/3464522/d3b17bcf53604d3beb2159d75b0d9257.png/show,"If in combat against a red foe, disables skills of all foes, excluding foe in combat, and inflicts Atk/Spd/Def/Res-2 on foe during combat. During combat, disables skills of all green foes, excluding foe in combat."
287,Green Feud 3,https://img.game8.co/3464525/1eb6d2f4bae358be9bdfd6613d08a0a9.png/show,"If in combat against a green foe, disables skills of all foes, excluding foe in combat, and inflicts Atk/Spd/Def/Res-4 on foe during combat. During combat, disables skills of all greenfoes, excluding foe in combat."
288,Close Guard 1,https://img.game8.co/3407738/6d34c97e34703dfe6f4561c5672b3644.png/show,"Allies within 2 spaces gain: ""If foe uses sword, lance, axe, dragonstone, or beast damage, grants Def/Res+2 during combat."
289,Close Guard 2,https://img.game8.co/3407740/b424bf4ef6805b0d136279a45e3ed32d.png/show,"Allies within 2 spaces gain: ""If foe uses sword, lance, axe, dragonstone, or beast damage, grants Def/Res+3 during combat."
290,Close Guard 3,https://img.game8.co/3407743/62ac5e191f6a09780b1225fb46ee9b17.png/show,"Allies within 2 spaces gain: ""If foe uses sword, lance, axe, dragonstone, or beast damage, grants Def/Res+4 during combat."
291,Distant Guard 1,https://img.game8.co/3407642/12e67ce8826d335d5cba50aa36344232.png/show,"Allies within 2 spaces gain: ""If foe uses bow, dagger, magic or staff, grants Def/Res +2 during combat."
292,Distant Guard 2,https://img.game8.co/3407644/54cad75a343aea69bbacb56baa2285e4.png/show,"Allies within 2 spaces gain: ""If foe uses bow, dagger, magic or staff, grants Def/Res +3 during combat."
293,Distant Guard 3,https://img.game8.co/3407645/0242ca98d0cd1b2b5c12a5203d544a58.png/show,"Allies within 2 spaces gain: ""If foe uses bow, dagger, magic or staff, grants Def/Res +4 during combat."
294,Infantry Pulse 1,https://img.game8.co/3406166/817d9b89e4871c781d4bfcfc4124f01d.png/show,Special cooldown count -1 at start of turn 1 for any Infantry allies with at least 5 fewer HP than unit. (Effects will stack with similar skills. )
295,Infantry Pulse 2,https://img.game8.co/3406165/8ee5f793deede002bdab4aa83121c1c6.png/show,Special cooldown count -1 at start of turn 1 for any Infantry allies with at least 3 fewer HP than unit. (Effects will stack with similar skills. )
296,Infantry Pulse 3,https://img.game8.co/3406164/2efbe73bf8a82bb5bc1893c2a48bfbb9.png/show,Special cooldown count -1 at start of turn 1 for any Infantry allies with at least 1 fewer HP than unit. (Effects will stack with similar skills. )
297,Infantry Rush 1,https://img.game8.co/3406163/3ec5778a099df0082af5743326e5cd9a.png/show,"Infantry allies within 2 spaces gain: ""If unit\xe2\x80\x99s Atk \xe2\x89\xa5 foe\xe2\x80\x99s Atk +5, grants Special cooldown charge +1 per attack. (Only highest value applied. Does not stack. )"
298,Infantry Rush 2,https://img.game8.co/3406162/9c819c69c3402cf738086344c429d4e4.png/show,"Infantry allies within 2 spaces gain: ""If unit\xe2\x80\x99s Atk \xe2\x89\xa5 foe\xe2\x80\x99s Atk +3, grants Special cooldown charge +1 per attack. (Only highest value applied. Does not stack. )"
299,Infantry Rush 3,https://img.game8.co/3406161/74f7a36e33751074f382dc693613fefa.png/show,"Infantry allies within 2 spaces gain: ""If unit\xe2\x80\x99s Atk \xe2\x89\xa5 foe\xe2\x80\x99s Atk +1, grants Special cooldown charge +1 per attack. (Only highest value applied. Does not stack. )"
300,Infantry Flash 1,https://img.game8.co/3406169/32039b85b0e94e5f7800b9de74aad469.png/show,"Infantry allies within 2 spaces gain: ""If unit\xe2\x80\x99s Spd \xe2\x89\xa5 foe\xe2\x80\x99s Spd +5, grants Special cooldown charge +1 per attack. (Only highest value applied. Does not stack. )"
301,Infantry Flash 2,https://img.game8.co/3406168/3d54d9c5742fc5cab58b8ad4ded3ea49.png/show,"Infantry allies within 2 spaces gain: ""If unit\xe2\x80\x99s Spd \xe2\x89\xa5 foe\xe2\x80\x99s Spd +3, grants Special cooldown charge +1 per attack. (Only highest value applied. Does not stack. )"
302,Infantry Flash 3,https://img.game8.co/3406167/d1c89a41096c16ed64a0654b281f407f.png/show,"Infantry allies within 2 spaces gain: ""If unit\xe2\x80\x99s Spd \xe2\x89\xa5 foe\xe2\x80\x99s Spd +1, grants Special cooldown charge +1 per attack. (Only highest value applied. Does not stack. )"
303,Infantry Breath 1,https://img.game8.co/3408790/63d589ce47ff53c5d81101bcf6223d38.png/show,"Adjacent infantry allies gain: ""If foe initiates combat, grants Special cooldown charge +1 per attack during combat. (Only highest value applied. Does not stack.)"
304,Infantry Breath 2,https://img.game8.co/3408789/b076b178177efd670894288ce9a87df7.png/show,"Adjacent infantry allies gain: ""If foe initiates combat, grants Def/Res+1 during combat and Special cooldown charge +1 per attack. (Only highest value applied. Does not stack.)"
305,Infantry Breath 3,https://img.game8.co/3408792/0e1cd589e28a1a32f962df1245dfde9c.png/show,"Adjacent infantry allies gain: ""If foe initiates combat, grants Def/Res+2 during combat and Special cooldown charge +1 per attack. (Only highest value applied. Does not stack.)"
306,Time's Pulse 1,https://img.game8.co/3375193/edc9239ed7cd7c97370ec49a68420fe7.png/show,"At the start of every third turn, if Special cooldown count is at its maximum value, grants Special cooldown count-1."
307,Time's Pulse 2,https://img.game8.co/3375194/511c7a70dbeed37eaf323188cbc39624.png/show,"At the start of every second turn, if Special cooldown count is at its maximum value, grants Special cooldown count-1."
308,Time's Pulse 3,https://img.game8.co/3375195/1decb2208650785b3e29a2a8b2828c91.png/show,"At start of turn, if Special cooldown count is at its maximum value, grants Special cooldown count-1."
309,Armor March 1,https://img.game8.co/3407891/ca9000bc7c1351b635d371c172ec9390.png/show,"If unit has 100% HP and an adjacent armored ally at start of turn, unit and any such allies can move 1 extra space. (That turn only, does not stack. )"
310,Armor March 2,https://img.game8.co/3407893/eb6baaebbc42ebabc2f94d09071f6630.png/show,"If unit has \xe2\x89\xa5 50% HP and an adjacent armored ally at start of turn, unit and any such allies can move 1 extra space. (That turn only, does not stack. )"
311,Armor March 3,https://img.game8.co/3407897/278a5292c4a3adb52e53f91bcdd32632.png/show,"If unit has an adjacent armored ally at start of turn, unit and any such allies can move 1 extra space. (That turn only, does not stack. )"
312,Armored Stride 1,https://img.game8.co/3408786/a146adbe04aff7fcbf3e78026bbc814c.png/show,"At start of turn, if unit's HP = 100% and unit is not adjacent to an ally, unit can move 1 extra space. (That turn only. Does not stack.)"
313,Armored Stride 2,https://img.game8.co/3408780/eb83fe86da498a62596221257600657c.png/show,"At start of turn, if unit's HP \xe2\x89\xa5 50% and unit is not adjacent to an ally, unit can move 1 extra space. (That turn only. Does not stack.)"
314,Armored Stride 3,https://img.game8.co/3408779/9ca54ba6d1247c74c3d9d679dcaf89bb.png/show,"At start of turn. If unit is not adjacent to an ally, unit can move 1 extra space. (That turn only. Does not stack.)"
315,Guidance 1,https://img.game8.co/3406282/fc6fb142c4296401ac55f6e59688c8ba.png/show,"If unit has 100% HP, infantry and armored allies within 2 spaces can move to a space adjacent to unit."
316,Guidance 2,https://img.game8.co/3406281/a266c15d01452f2d969354865d9d203d.png/show,"If unit has  \xe2\x89\xa5 50% HP, infantry and armored allies within 2 spaces can move to a space adjacent to unit."
317,Guidance 3,https://img.game8.co/3406280/7944150192e44c63ab3c1823aa9676a8.png/show,Infantry and armored allies within 2 spaces can move to a space adjacent to unit.
318,Flier Guidance 1,https://img.game8.co/3407452/ace2446f6271350d36792debc26d4baa.png/show,"If unit\xe2\x80\x99s HP \xc2\xa0= 100%, flying allies within 2 spaces can move to a space adjacent to unit."
319,Flier Guidance 2,https://img.game8.co/3407454/3903066cff52a1591673fce82038c9d0.png/show,"If unit\xe2\x80\x99s HP \xe2\x89\xa5 50%, flying allies within 2 spaces can move to a space adjacent to unit."
320,Flier Guidance 3,https://img.game8.co/3407453/89d8d7084514176591d7c6f781981e86.png/show,Flying allies within 2 spaces can move to a space adjacent to unit.
321,Air Orders 1,https://img.game8.co/3408828/7e2a2aa8f63b7ce02e2af70a7ec25757.png/show,"At start of turn, if unit\xe2\x80\x99s HP = 100%, grants the following status to adjacent flying allies for 1 turn: ""Unit can move to a space adjacent to any ally within 2 spaces."
322,Air Orders 2,https://img.game8.co/3408830/8a4d442d67da15d98a872d8aef50a4a3.png/show,"At start of turn, if unit\xe2\x80\x99s HP \xe2\x89\xa5 50%, grants the following status to adjacent flying allies for 1 turn: ""Unit can move to a space adjacent to any ally within 2 spaces."
323,Air Orders 3,https://img.game8.co/3408818/259f0acc2a80d45f1c951faf1bfd3bfa.png/show,"At start of turn, grants the following status effect to adjacent flying allies for 1 turn: ""Unit can move to a space adjacent to any ally within 2 spaces."
324,Ground Orders 1,https://img.game8.co/3375364/52779c17dc0b708789567b88022a5938.png/show,"At start of turn, if unit\'s HP = 100%, grants the following status to adjacent infantry, armored, and cavalry allies for 1 turn: ""Unit can move to a space adjacent to any ally within 2 spaces."
325,Ground Orders 2,https://img.game8.co/3375362/d983387c4879f9e7bb97c970784d1d67.png/show,"At start of turn, if unit\'s HP \xe2\x89\xa5 50%, grants the following status to adjacent infantry, armored, and cavalry allies for 1 turn: ""Unit can move to a space adjacent to any ally within 2 spaces."
326,Ground Orders 3,https://img.game8.co/3375363/965a22f3f73bae1737419cc64ae07a9f.png/show,"At start of turn, grants the following status effect to adjacent infantry, armored, and cavalry allies for 1 turn: ""Unit can move to a space adjacent to any ally within 2 spaces."
327,Odd Tempest 1,https://img.game8.co/3375365/d849eddd262d95a759ca180d8e1b0cd7.png/show,"At start of odd-numbered turns, if unit's HP = 100%, unit can move 1 extra space. (That turn only. Does not stack.)"
328,Odd Tempest 2,https://img.game8.co/3375366/52a83073ba3236271dbc48e797afa2d5.png/show,"At start of odd-numbered turns, if unit's HP \xe2\x89\xa5 50%, unit can move 1 extra space. (That turn only. Does not stack.)"
329,Odd Tempest 3,https://img.game8.co/3375367/7214f7f4119ca36d7d15e3f95886a9ec.png/show,"At start of odd-numbered turns, unit can move 1 extra space. (That turn only. Does not stack.)"
330,Even Tempest 1,https://img.game8.co/3374348/5e74e2a4f19199ae555497842f7bf1fb.png/show,"At start of even-numbered turns, if unit's HP = 100%, unit can move 1 extra space. (That turn only. Does not stack.)"
331,Even Tempest 2,https://img.game8.co/3374350/235da3b378787365b0e2d7f0bb8fc27e.png/show,"At start of even-numbered turns, if unit's HP \xe2\x89\xa5 50%, unit can move 1 extra space. (That turn only. Does not stack.)"
332,Even Tempest 3,https://img.game8.co/3374349/50b0eacf678b657603f928c153f6f777.png/show,"At start of even-numbered turns, unit can move 1 extra space. (That turn only. Does not stack.)"
333,D/R Near Save 1,https://img.game8.co/3336770/55ee05638f3557de5603678d98669455.png/show,"If a foe uses sword, lance, axe, dragonstone, or beast damage & initiates combat against an ally adjacent to unit, triggers\xe3\x80\x90Savior\xe3\x80\x91on unit.If Savior triggers, grants Def/Res+2 during combat.\xe3\x80\x90Savior\xe3\x80\x91Unit takes ally\xe2\x80\x99s space, enters combat in ally\xe2\x80\x99s place, and receives all after-combat effects.Doesn't trigger if ally is on terrain that unit can't move to or if multiple units are able to use Savior during the same combat. If Savior triggers, after-combat movement effects don't occur."
334,D/R Near Save 2,https://img.game8.co/3336737/d289a33c58034ecb8411931ca7dd9351.png/show,"If a foe uses sword, lance, axe, breath, or beast damage & initiates combat against an ally with 2 spaces of unit, triggers\xe3\x80\x90Savior\xe3\x80\x91on unit.If Savior triggers, grants Def/Res+2 during combat.\xe3\x80\x90Savior\xe3\x80\x91Unit takes ally\xe2\x80\x99s space, enters combat in ally\xe2\x80\x99s place, and receives all after-combat effects.Doesn't trigger if ally is on terrain that unit can't move to or if multiple units are able to use Savior during the same combat. If Savior triggers, after-combat movement effects don't occur."
335,D/R Near Save 3,https://img.game8.co/3336754/4d4900164c8f8c9a3df6a1cd6b407ee3.png/show,"If a foe uses sword, lance, axe, breath, or beast damage & initiates combat against an ally with 2 spaces of unit, triggers\xe3\x80\x90Savior\xe3\x80\x91on unit.If Savior triggers, grants Def/Res+4 during combat.\xe3\x80\x90Savior\xe3\x80\x91Unit takes ally\xe2\x80\x99s space, enters combat in ally\xe2\x80\x99s place, and receives all after-combat effects.Doesn't trigger if ally is on terrain that unit can't move to or if multiple units are able to use Savior during the same combat. If Savior triggers, after-combat movement effects don't occur."
336,A/R Far Save 1,https://img.game8.co/3336718/0adc92663d81fdf8e23cf3c0193ddf6d.png/show,"If a foe uses bow, dagger, magic, or staff and initiates combat against an ally adjacent to unit, triggers\xe3\x80\x90Savior\xe3\x80\x91on unit.If unit triggers Savior, grants Atk/Res+1 during combat.\xe3\x80\x90Savior\xe3\x80\x91Unit takes ally\xe2\x80\x99s space, enters combat in ally\xe2\x80\x99s place, and receives all after-combat effects.Doesn't trigger if ally is on terrain that unit can't move to or if multiple units are able to use Savior during the same combat. If Savior triggers, after-combat movement effects don't occur."
337,A/R Far Save 2,https://img.game8.co/3336716/d8cfca8ea8046165695c208f165ccad0.png/show,"If a foe uses bow, dagger, magic, or staff and initiates combat against an ally with 2 spaces of unit, triggers\xe3\x80\x90Savior\xe3\x80\x91on unit.If unit triggers Savior, grants Atk/Res+2 during combat.\xe3\x80\x90Savior\xe3\x80\x91Unit takes ally\xe2\x80\x99s space, enters combat in ally\xe2\x80\x99s place, and receives all after-combat effects.Doesn't trigger if ally is on terrain that unit can't move to or if multiple units are able to use Savior during the same combat. If Savior triggers, after-combat movement effects don't occur."
338,A/R Far Save 3,https://img.game8.co/3336721/83187c9103011279a7327da6af13fbe5.png/show,"If a foe uses bow, dagger, magic, or staff and initiates combat against an ally with 2 spaces of unit, triggers\xe3\x80\x90Savior\xe3\x80\x91on unit.If unit triggers Savior, grants Atk/Res+4 during combat.\xe3\x80\x90Savior\xe3\x80\x91Unit takes ally\xe2\x80\x99s space, enters combat in ally\xe2\x80\x99s place, and receives all after-combat effects.Doesn't trigger if ally is on terrain that unit can't move to or if multiple units are able to use Savior during the same combat. If Savior triggers, after-combat movement effects don't occur."
339,A/D Near Save 1,https://img.game8.co/3336767/da4d1c6822418c23d0d27ebb1b0bbdef.png/show,"If a foe uses sword, lance, axe, dragonstone, or beast damage & initiates combat against an ally adjacent to unit, triggers\xe3\x80\x90Savior\xe3\x80\x91on unit.If Savior triggers, grants Atk/Def+2 during combat.\xe3\x80\x90Savior\xe3\x80\x91Unit takes ally\xe2\x80\x99s space, enters combat in ally\xe2\x80\x99s place, and receives all after-combat effects.Doesn't trigger if ally is on terrain that unit can't move to or if multiple units are able to use Savior during the same combat. If Savior triggers, after-combat movement effects don't occur."
340,A/D Near Save 2,https://img.game8.co/3336759/66a7fb3196fa39488f2def5ae29694ad.png/show,"If a foe uses sword, lance, axe, breath, or beast damage & initiates combat against an ally with 2 spaces of unit, triggers\xe3\x80\x90Savior\xe3\x80\x91on unit.If Savior triggers, grants Atk/Def+2 during combat.\xe3\x80\x90Savior\xe3\x80\x91Unit takes ally\xe2\x80\x99s space, enters combat in ally\xe2\x80\x99s place, and receives all after-combat effects.Doesn't trigger if ally is on terrain that unit can't move to or if multiple units are able to use Savior during the same combat. If Savior triggers, after-combat movement effects don't occur."
341,A/D Near Save 3,https://img.game8.co/3336752/e2532578eac7ed0b21076e2c32a76d63.png/show,"If a foe uses sword, lance, axe, breath, or beast damage & initiates combat against an ally with 2 spaces of unit, triggers\xe3\x80\x90Savior\xe3\x80\x91on unit.If Savior triggers, grants Atk/Def+4 during combat.\xe3\x80\x90Savior\xe3\x80\x91Unit takes ally\xe2\x80\x99s space, enters combat in ally\xe2\x80\x99s place, and receives all after-combat effects.Doesn't trigger if ally is on terrain that unit can't move to or if multiple units are able to use Savior during the same combat. If Savior triggers, after-combat movement effects don't occur."
342,A/R Near Save 1,https://img.game8.co/3428254/772e4ed73309b56116f51a467e58921b.png/show,"If a foe uses sword, lance, axe, breath, or beast damage & initiates combat against an ally adjacent to unit, triggers \xe3\x80\x90Savior\xe3\x80\x91 on unit.If Savior triggers, grants Atk/Res+2 during combat.\xe3\x80\x90Savior\xe3\x80\x91Unit takes ally\xe2\x80\x99s space, enters combat in ally\xe2\x80\x99s place, and receives all after-combat effects.Doesn't trigger if ally is on terrain that unit can't move to or if multiple units are able to use Savior during the same combat. If Savior triggers, after-combat movement effects don't occur."
343,A/R Near Save 2,https://img.game8.co/3428252/cd192ea0f5c2cf3bbfce30a99d598971.png/show,"If a foe uses sword, lance, axe, breath, or beast damage & initiates combat against an ally within 2 spaces of unit, triggers \xe3\x80\x90Savior\xe3\x80\x91 on unit.If Savior triggers, grants Atk/Res+2 during combat.\xe3\x80\x90Savior\xe3\x80\x91Unit takes ally\xe2\x80\x99s space, enters combat in ally\xe2\x80\x99s place, and receives all after-combat effects.Doesn't trigger if ally is on terrain that unit can't move to or if multiple units are able to use Savior during the same combat. If Savior triggers, after-combat movement effects don't occur."
344,A/R Near Save 3,https://img.game8.co/3428251/13e623ddd72612f62d77a86e369eaf7a.png/show,"If a foe uses sword, lance, axe, breath, or beast damage & initiates combat against an ally within 2 spaces of unit, triggers \xe3\x80\x90Savior\xe3\x80\x91 on unit.If Savior triggers, grants Atk/Res+4 during combat.\xe3\x80\x90Savior\xe3\x80\x91Unit takes ally\xe2\x80\x99s space, enters combat in ally\xe2\x80\x99s place, and receives all after-combat effects.Doesn't trigger if ally is on terrain that unit can't move to or if multiple units are able to use Savior during the same combat. If Savior triggers, after-combat movement effects don't occur."
345,D/R Far Save 1,https://img.game8.co/3459666/663a1e966b457e9afea2f5652c58cfe0.png/show,"If a foe uses bow, dagger, magic, or staff and initiates combat against an ally adjacent to unit, triggers\xe3\x80\x90Savior\xe3\x80\x91on unit.If unit triggers Savior, grants Def/Res+1 during combat.\xe3\x80\x90Savior\xe3\x80\x91Unit takes ally\xe2\x80\x99s space, enters combat in ally\xe2\x80\x99s place, and receives all after-combat effects.Doesn't trigger if ally is on terrain that unit can't move to or if multiple units are able to use Savior during the same combat. If Savior triggers, after-combat movement effects don't occur."
346,D/R Far Save 2,https://img.game8.co/3459660/34423e8986f00aafeecac7cefead9211.png/show,"If a foe uses bow, dagger, magic, or staff and initiates combat against an ally with 2 spaces of unit, triggers\xe3\x80\x90Savior\xe3\x80\x91on unit.If unit triggers Savior, grants Def/Res+2 during combat.\xe3\x80\x90Savior\xe3\x80\x91Unit takes ally\xe2\x80\x99s space, enters combat in ally\xe2\x80\x99s place, and receives all after-combat effects.Doesn't trigger if ally is on terrain that unit can't move to or if multiple units are able to use Savior during the same combat. If Savior triggers, after-combat movement effects don't occur."
347,D/R Far Save 3,https://img.game8.co/3459661/bfcd6af7450bb013b7001802ded75129.png/show,"If a foe uses bow, dagger, magic, or staff and initiates combat against an ally with 2 spaces of unit, triggers\xe3\x80\x90Savior\xe3\x80\x91on unit.If unit triggers Savior, grants Def/Res+4 during combat.\xe3\x80\x90Savior\xe3\x80\x91Unit takes ally\xe2\x80\x99s space, enters combat in ally\xe2\x80\x99s place, and receives all after-combat effects.Doesn't trigger if ally is on terrain that unit can't move to or if multiple units are able to use Savior during the same combat. If Savior triggers, after-combat movement effects don't occur."
348,,,
349,Sword Exp. 1,https://img.game8.co/3405581/261aae9b241df6c29a4c953de68b131d.png/show,"If unit survives and uses a sword, unit gets 1. 5x EXP. (If similar skill effects also used, only highest multiplier applied. )"
350,Sword Exp. 2,https://img.game8.co/3405580/7cbe13324246d39c72559750e3b27045.png/show,"If unit survives, all sword users get 1. 5x EXP. (If similar skill effects also used, only highest multiplier applied. )"
351,Sword Exp. 3,https://img.game8.co/3405579/c579c6553f0f3d39c02f8a4f9b04e869.png/show,"If unit survives, all sword users get 2x EXP. (If similar skill effects also used, only highest multiplier applied. )"
352,Axe Experience 1,https://img.game8.co/3407818/820b1c28e3fa174e082acaa805cf848a.png/show,"If unit survives and uses an axe, unit gets 1. 5x EXP. (If similar skill effects also used, only highest multiplier applied. )"
353,Axe Experience 2,https://img.game8.co/3407824/ab47ccfaecc486a51aac31f30558bfa4.png/show,"If unit survives, all axe users get 1. 5x EXP. (If similar skill effects also used, only highest multiplier applied. )"
354,Axe Experience 3,https://img.game8.co/3407827/15321791bd79934d4839bd9c489576d7.png/show,"If unit survives, all axe users get 2x EXP. (If similar skill effects also used, only highest multiplier applied. )"
355,Bow Exp. 1,https://img.game8.co/3407807/057475c842e095d6c50de70af3f8fbab.png/show,"If unit survives and uses a bow, unit gets 1. 5x EXP. (If similar skill effects also used, only highest multiplier applied. )"
356,Bow Exp. 2,https://img.game8.co/3407816/ba895741c7f483a56f2629aaa79d14b7.png/show,"If unit survives, all bow users get 1. 5x EXP. (If similar skill effects also used, only highest multiplier applied. )"
357,Bow Exp. 3,https://img.game8.co/3407814/9169e63276c5e6d857ed737ac6508366.png/show,"If unit survives, all bow users get 2x EXP. (If similar skill effects also used, only highest multiplier applied. )"
358,R Tome Exp. 1,https://img.game8.co/3405757/30179f41311d06926509e9f8fb1e96c4.png/show,"If unit survives and uses a red tome, unit gets 1. 5x EXP. (If similar skill effects also used, only highest multiplier applied. )"
359,R Tome Exp. 2,https://img.game8.co/3405758/74e00c5db3b6ac0a51c5fcda929cef64.png/show,"If unit survives, all red tome users get 1. 5x EXP. (If similar skill effects also used, only highest multiplier applied. )"
360,R Tome Exp. 3,https://img.game8.co/3405756/f60dcbf965fd18c606168575f0da8e7e.png/show,"If unit survives, all red tome users get 2x EXP. (If similar skill effects also used, only highest multiplier applied. )"
361,B Tome Exp. 1,https://img.game8.co/3407825/ac1e9d1bf6ab916be46c33d36b872323.png/show,"If unit survives and uses a blue tome, unit gets 1. 5x EXP. (If similar skill effects also used, only highest multiplier applied. )"
362,B Tome Exp. 2,https://img.game8.co/3407830/52ace3fe65cfcd6cbda142bf54260382.png/show,"If unit survives, all blue tome users get 1. 5x EXP. (If similar skill effects also used, only highest multiplier applied. )"
363,B Tome Exp. 3,https://img.game8.co/3407829/a50e5e470b806284386827c007aeac7e.png/show,"If unit survives, all blue tome users get 2x EXP. (If similar skill effects also used, only highest multiplier applied. )"
364,G Tome Exp. 1,https://img.game8.co/3405914/38ec5ee952ea039bbed8a662800cd48d.png/show,"If unit survives and uses a green tome, unit gets 1. 5x EXP. (If similar skill effects also used, only highest multiplier applied. )"
365,G Tome Exp. 2,https://img.game8.co/3405915/fc79538b48a1fe83b81ebee92ce0a5ac.png/show,"If unit survives, all green tome users get 1. 5x EXP. (If similar skill effects also used, only highest multiplier applied. )"
366,G Tome Exp. 3,https://img.game8.co/3405916/ee887b57f23c165eaed6744615a8376c.png/show,"If unit survives, all green tome users get 2x EXP. (If similar skill effects also used, only highest multiplier applied. )"
367,Beast Exp. 1,https://img.game8.co/3408836/d9c8e7499fc488964236276a2d0e3c7d.png/show,"While unit lives and uses beast damage, unit gets 1.5x EXP. (Only highest value applied. Does not stack.)"
368,Beast Exp. 2,https://img.game8.co/3408832/b2bd661327c9808d9cad58197d410866.png/show,"While unit lives, all beast allies on team get 1.5x EXP. (Only highest value applied. Does not stack.)"
369,Beast Exp. 3,https://img.game8.co/3408840/4d7f93b570ddae062c22b7573660f890.png/show,"While unit lives, all beast allies on team get 2x EXP. (Only highest value applied. Does not stack.)"
370,Staff Exp. 1,https://img.game8.co/3408880/b818d948c7e73ee03954d251f6924b19.png/show,"While unit lives and uses staff damage, unit gets 1.5x EXP. (Only highest value applied. Does not stack.)"
371,Staff Exp. 2,https://img.game8.co/3408881/34befc7d3ccf23286bec7da9630f3b79.png/show,"While unit lives, all staff allies on team get 1.5x EXP. (Only highest value applied. Does not stack.)"
372,Staff Exp. 3,https://img.game8.co/3408876/8ffbd537b820a98d15ecd201201074c0.png/show,"While unit lives, all staff allies on team get 2x EXP. (Only highest value applied. Does not stack.)"
373,Dagger Exp. 1,https://img.game8.co/3408878/ff7ea5a845efc8854868bef209b70fb3.png/show,"While unit lives, all dagger allies on team get 2x EXP. (Only highest value applied. Does not stack.)"
374,Dagger Exp. 2,https://img.game8.co/3408882/de2757aef88a9141ed257d200481a4af.png/show,"While unit lives, all dagger allies on team get 1.5x EXP. (Only highest value applied. Does not stack.)"
375,Dagger Exp. 3,https://img.game8.co/3408872/84b015641e646827480be98e35708811.png/show,"While unit lives, all dagger allies on team get 2x EXP. (Only highest value applied. Does not stack.)"
376,Lance Exp. 1,https://img.game8.co/3407906/12aca93c3da859aad9f91e2e905fcb29.png/show,"While unit lives and uses a lance, unit gets 1.5x EXP. (Only highest value applied. Does not stack)"
377,Lance Exp. 2,https://img.game8.co/3407904/d05989d9cb7d159d495a4ae2f0f316d1.png/show,"While unit lives, all lance allies on team get 1.5x EXP. (Only highest value applied. Does not stack)"
378,Lance Exp. 3,https://img.game8.co/3407905/8471413e87438964baa4b27089a0c6b5.png/show,"While unit lives, all lance allies on team get 2x EXP. (Only highest value applied. Does not stack)"
379,Dragon Exp. 1,https://img.game8.co/3428257/4b0685c116e8360b14775d4eb3158df9.png/show,"While unit lives and uses a dragonstone, unit gets 1.5x EXP. (Only highest value applied. Does not stack.)"
380,Dragon Exp. 2,https://img.game8.co/3428250/ff13fee14fc05ab59254e0b9c61e6281.png/show,"While unit lives, all dragonstone allies on team get 1.5x EXP. (Only highest value applied. Does not stack.)"
381,Dragon Exp. 3,https://img.game8.co/3428258/c2c80015e1a65324b69d7310b515fdd5.png/show,"While unit lives, all dragonstone allies on team get 2x EXP. (Only highest value applied. Does not stack.)"
382,Sword Valor 1,https://img.game8.co/3405577/e0b44d209cd3d0d7a4bf2dff113c0e4d.png/show,"If unit survives and uses a sword, unit gets 1. 5x SP. (If similar skill effects also used, only highest multiplier applied. )"
383,Sword Valor 2,https://img.game8.co/3405578/a3f18a9210406529702165c32a3ed1f0.png/show,"If unit survives, all sword users on team get 1. 5x SP. (If similar skill effects also used, only highest multiplier applied. )"
384,Sword Valor 3,https://img.game8.co/3405576/bc4ab935e3c5520ec320a76ed981fae9.png/show,"If unit survives, all sword users on team get 2x SP. (If similar skill effects also used, only highest multiplier applied. )"
385,Lance Valor 1,https://img.game8.co/3406156/fdc41334b7a094dce13516723c42e340.png/show,"If unit survives and uses a lance, unit gets 1. 5x SP. (If similar skill effects also used, only highest multiplier applied. )"
386,Lance Valor 2,https://img.game8.co/3406155/d4dae7935d8a04ac82135fa8f7b41fee.png/show,"If unit survives, all lance users on team get 1. 5x SP. (If similar skill effects also used, only highest multiplier applied. )"
387,Lance Valor 3,https://img.game8.co/3406154/130149e7395a0210252c9f06017bc099.png/show,"If unit survives, all lance users on team get 2x SP. (If similar skill effects also used, only highest multiplier applied. )"
388,Axe Valor 1,https://img.game8.co/3407831/762dbb67d1a4ffc7db9b9db78767eb02.png/show,"If unit survives and uses an axe, unit gets 1. 5 SP. (If similar skill effects also used, only highest multiplier applied. )"
389,Axe Valor 2,https://img.game8.co/3407823/c4558428806183ce039e7c5e3eb38b2d.png/show,"If unit survives, all axe users on team get 1. 5x SP. (If similar skill effects also used, only highest multiplier applied. )"
390,Axe Valor 3,https://img.game8.co/3407832/db5b88b44ad1f6b7ea809c3c23613861.png/show,"If unit survives, all axe users on team get 2x SP. (If similar skill effects also used, only highest multiplier applied. )"
391,Bow Valor 1,https://img.game8.co/3407784/be2bbc3a4e9aaacd6094c87eea73752f.png/show,"If unit survives and uses a bow, unit gets 1. 5x SP. (If similar skill effects also used, only highest multiplier applied. )"
392,Bow Valor 2,https://img.game8.co/3407789/e01cb2423076b63aeff2e7f07fae2b70.png/show,"If unit survives, all bow users on team get 1. 5x SP. (If similar skill effects also used, only highest multiplier applied. )"
393,Bow Valor 3,https://img.game8.co/3407785/01fc0658497fc63357f094c11ed4f14c.png/show,"If unit survives, all bow users on team get 2x SP. (If similar skill effects also used, only highest multiplier applied. )"
394,Dagger Valor 1,https://img.game8.co/3408111/53aa95ad8268bf1c84fd97d5955a4a1a.png/show,"If unit survives and uses a dagger, unit gets 1. 5x SP. (If similar skill effects also used, only highest multiplier applied. )"
395,Dagger Valor 2,https://img.game8.co/3408120/2141c12a1a50a87a2be7a9a61c6bf7d3.png/show,"If unit survives, all dagger users on team get 1. 5x SP. (If similar skill effects also used, only highest multiplier applied. )"
396,Dagger Valor 3,https://img.game8.co/3408113/046035793d76e1462c6700f27656d9d5.png/show,"If unit survives, all dagger users on team get 2x SP. (If similar skill effects also used, only highest multiplier applied. )"
397,Red Tome Valor 1,https://img.game8.co/3406341/c02eeef733c0d4ab7ce29c7ba4cc8d39.png/show,"If unit survives and uses a red tome, unit gets 1. 5x SP. (If similar skill effects also used, only highest multiplier applied. )"
398,Red Tome Valor 2,https://img.game8.co/3406342/eca2bedbd6d458f5b16beb0d9dc6ccbd.png/show,"If unit survives, all red tome users on team get 1. 5x SP. (If similar skill effects also used, only highest multiplier applied. )"
399,Red Tome Valor 3,https://img.game8.co/3406343/6cb9e3363b875a1e16e920e8262ea1d3.png/show,"If unit survives, all red tome users on team get 2x SP. (If similar skill effects also used, only highest multiplier applied. )"
400,B Tome Valor 1,https://img.game8.co/3407822/d5d68a013e35ce6a0515fb1cebfecfd3.png/show,"If unit survives and uses a blue tome, unit gets 1. 5x SP. (If similar skill effects also used, only highest multiplier applied. )"
401,B Tome Valor 2,https://img.game8.co/3407828/48cb6ef00b6abf8327d31ecd47fa8d6d.png/show,"If unit survives, all blue tome users on team get 1. 5x SP. (If similar skill effects also used, only highest multiplier applied. )"
402,B Tome Valor 3,https://img.game8.co/3407826/73d8dc267a9f45ca374d00bf0f95c9cf.png/show,"If unit survives, all blue tome users on team get 2x SP. (If similar skill effects also used, only highest multiplier applied. )"
403,G Tome Valor 1,https://img.game8.co/3406349/17128af21693f686b22c32298ef34529.png/show,"If unit survives and uses a green tome, unit gets 1. 5x SP. (If similar skill effects also used, only highest multiplier applied. )"
404,G Tome Valor 2,https://img.game8.co/3406348/345e24899d5aa9ff97f72e524a3f25c1.png/show,"If unit survives, all green tome users on team get 1. 5x SP. (If similar skill effects also used, only highest multiplier applied. )"
405,G Tome Valor 3,https://img.game8.co/3406350/958fae7b1b4ba5478b759a1e1238ab43.png/show,"If unit survives, all green tome users on team get 2x SP. (If similar skill effects also used, only highest multiplier applied. )"
406,Dragon Valor 1,https://img.game8.co/3407631/e0b4aff80d0bb7e25fc43bd3b71b2f1d.png/show,"If unit survives and uses a dragonstone, unit gets 1. 5x SP. (If similar skill effects also used, only highest multiplier applied. )"
407,Dragon Valor 2,https://img.game8.co/3407632/bafdb6b5ac96644caa7b124d4a8c5799.png/show,"If unit survives, all dragonstone users on team get 1. 5x SP. (If similar skill effects also used, only highest multiplier applied. )"
408,Dragon Valor 3,https://img.game8.co/3407633/42b6ed4a7db74d223437892ae3666a66.png/show,"If unit survives, all dragonstone users on team get 2x SP. (If similar skill effects also used, only highest multiplier applied. )"
409,Staff Valor 1,https://img.game8.co/3405614/6baab9145bb95a1d1ee6deff5c82a92e.png/show,"If unit survives and uses a staff, unit gets 1. 5x SP. (If similar skill effects also used, only highest multiplier applied. )"
410,Staff Valor 2,https://img.game8.co/3405616/65830bddab369d153f0294c49e3aa545.png/show,"If unit survives, all staff users on team get 1. 5x SP. (If similar skill effects also used, only highest multiplier applied. )"
411,Staff Valor 3,https://img.game8.co/3405615/754a23551412e1b27260563384e283dd.png/show,"If unit survives, all staff users on team get 2x SP. (If similar skill effects also used, only highest multiplier applied. )"
412,Beast Valor 1,https://img.game8.co/3408800/706316d4e058b3ad965a310d969499eb.png/show,"While unit lives and uses beast damage, unit gets 1.5x SP. (Only highest value applied. Does not stack.)"
413,Beast Valor 2,https://img.game8.co/3408806/3c92441283d4f2c4d65aab5e5d4fee74.png/show,"While unit lives, all beast allies on team get 1.5x SP. (Only highest value applied. Does not stack.)"
414,Beast Valor 3,https://img.game8.co/3408803/e8a22997de5ddffbb1259faa0e943f35.png/show,"While unit lives, all beast allies on team get 2x SP. (Only highest value applied. Does not stack.)"
415,,,
416,Domain of Ice,https://img.game8.co/3390204/e9c691482fed42a209a9ccdaf505d216.png/show,"Grants Spd/Res+4 and the effect ""reduces damage from foe\'s first attack by 30%"" to allies within 2 spaces during combat. If unit is within 2 spaces of an ally, grants Spd/Res+4 to unit and reduces damage from foe\'s first attack by 30% during combat."
417,Surtr,https://img.game8.co/3399807/d2a5ce4952862120f3720f8f7738f975.png/show,"At start of turn, if unit is within 4 spaces of a foe, inflicts Atk/Spd/Def/Res-5 on closest foes through their next actions and grants Atk/Spd/Def/Res+5 to unit for 1 turn."
418,Opening Retainer,https://img.game8.co/3457074/4214c071fb589dc57f440ef3145e8e89.png/show,"Allies within 2 spaces can move to a space within 2 spaces of unit.Grants Atk+4 to allies within 2 spaces during combat. If unit is within 2 spaces of an ally, grants At4 to unit during combat."
419,Goddess Bearer,https://img.game8.co/3462446/2f96a41f9cf544cd095888ba95691f26.png/show,"At start of turn, if unit is within 2 spaces of an ally, grants Atk/Spd+7, \xe3\x80\x90Null Follow-Up\xe3\x80\x91, and the following status to unit for 1 turn: ""Unit can move to a space adjacent to any ally within 2 spaces.\xe3\x80\x90Null Follow-Up\xe3\x80\x91If unit\'s Spd > foe\'s Spd during combat, neutralizes effects that guarantee foe\'s follow-up attacks and effects that prevent unit\'s follow-up attacks for 1 turn."
420,Ostia,https://img.game8.co/3406116/915406ec7ae584875357e61095fdef36.png/show,"At the start of turn 1, grants Special cooldown count -1 to all allies. Granted only if number of those allies\xe2\x80\x99 movement types on current team \xe2\x89\xa4 2."
421,With Everyone!,https://img.game8.co/3405495/7e0b96b97e8db6352db80fe178737750.png/show,"At start of turn, if unit is adjacent to an ally, grants Def/Res +5 to unit and adjacent allies for 1 turn."
422,Surtr,https://img.game8.co/3405590/43f58b08526a18834b2b0ad4d878ff3b.png/show,"At start of turn, if unit is within 2 spaces of a foe, grants Atk/Spd/Def/Res +4 for 1 turn and inflicts Atk/Spd/Def/Res -4 on foes within 2 spaces through their next actions."
423,Sparkling Boost,https://img.game8.co/3408614/e3bc638cf42e5bf68b69bd448f551d05.png/show,"At start of turn, restores 10 HP to ally that has been dealt the most damage. (Excludes unit.)"
424,Glare,https://img.game8.co/3408619/8683298f0fbcf1dff3bc08f9683bca48.png/show,"After combat, if unit attacked, inflicts status on target and foes within 1 space of target restricting movement to 1 space through their next actions."
425,Upheaval,https://img.game8.co/3408615/87f923ad804fab966d39a578175656e4.png/show,"At the start of turn 1, deals 7 damage to all foes, and if defending in Aether Raids during anima season, destroys offensive structure within the same column as unit. (Does not affect structures that cannot be destroyed.)"
426,Human Virtue,https://img.game8.co/3408623/b5b32fcd54c7b58c01acb20d990d43f7.png/show,"At start of turn, if unit is adjacent to any allies that are not beast or dragon allies, grants Atk/Spd+6 to unit and those allies for 1 turn."
427,Chaos Named,https://img.game8.co/3408616/404d0482c99f08636d6a5f14bf5f6606.png/show,"At start of turn, if foes within 3 columns centered on unit have Res \xe2\x89\xa4 unit's Res-3, inflicts -5 on the highest of those foes' Atk/Spd/Def/Res through their next actions. (When calculating highest stat, treats Atk as -15. Calculates each stat penalty independently.)"
428,Solitary Dream,https://img.game8.co/3408622/764d97c2b9c81b64085086996cee6566.png/show,"At start of turn, if unit is adjacent to only dragon allies or if unit is not adjacent to any ally, grants Atk/Spd/Def/Res+4 to unit and unit can move 1 extra space. (That turn only. Does not stack.)"
429,Divine Fang,https://img.game8.co/3408618/ed5cece15924e94f6951798c8e4a2ef7.png/show,"At start of turn, grants ""effective against dragons"" to adjacent allies for 1 turn."
430,Vision of Arcadia,https://img.game8.co/3375368/161b41b9bd8161e013b004fe4a30a3e5.png/show,"At start of turn, if a dragon or beast ally is deployed, grants Atk/Def+6 to ally with the highest Atk for 1 turn."
431,Impenetrable Dark,https://img.game8.co/3407903/9592a9d40865508364aa501dcfc68262.png/show,"During combat, disables skills of all foes excluding foe in combat."
432,Mila,https://img.game8.co/3408617/0b76a6e3bc778a164c168c23d15258b0.png/show,"At start of turn, inflicts\xe3\x80\x90Isolation\xe3\x80\x91on foes in cardinal directions with Def < unit's Def through their next actions.If deployed in Aether Raids offense during Light Season grants Turn Limit +1. (If Turn Limit is 7, it will increase to 8, etc.)\xe3\x80\x90Isolation\xe3\x80\x91Target cannot use or be the target of Assist Skills through its next action. (Target can neither use nor be the target of skills like Dance and Sing, skills that neutralize penalties, like Restore and Harsh Command+, etc.)"
433,Inevitable Death,https://img.game8.co/3408621/914fa12930c6d44a150483171821d0fb.png/show,Inflicts Atk/Spd/Def/Res-4 on foes within 2 spaces during combat.
434,Wings of Light,https://img.game8.co/3408620/85dec02c4af3938c025c2ddacf32c471.png/show,"Grants Atk/Spd/Def/Res+2+X to ally Mythic Heroes during combat in turns 1 through 5 (X = turn number). (Excludes unit.)  (Effect only active if team includes three or fewer Mythic Heroes, including unit.)"
435,Order,https://img.game8.co/3374205/830657c3da87455854930d621469e78e.png/show,"At start of turn, grants Atk/Res+6 and\xe3\x80\x90Null Panic\xe3\x80\x91to allies within 2 spaces for 1 turn. At start of turn, if 3 or more allies are within 2 spaces, grants Atk/Res+6 and\xe3\x80\x90Null Panic\xe3\x80\x91to unit for 1 turn.\xe3\x80\x90Null Panic\xe3\x80\x91Neutralizes penalties (Panic) for 1 turn. (Even though the effect is neutralized, the Panic status remains and is treated as a Penalty status.)"
436,Ostia,https://img.game8.co/3423489/b9b4e8f62b836283218380a5444f604e.png/show,"At start of turn, grants Def/Res+6 to unit and allies for one turn, and also, if any unit or ally's Special cooldown count is at its maximum value, grants them Special cooldown count-1. All effects granted only if the number of that unit or ally's movement type on the current team is \xe2\x89\xa4 2."
437,With Everyone! II,https://img.game8.co/3447001/0741f0a872d2e816a28f1e05e2fc0e9e.png/show,"At start of turn, if unit is within 2 spaces of an ally, grants Def/Res+6 to unit and allies within 2 spaces for 1 turn. If a foe uses bow, dagger, magic, or staff and initiates combat against an ally within 2 spaces of unit, triggers\xe3\x80\x90Savior\xe3\x80\x91 on unit. If unit triggers Savior, grants Atk/Spd/Def/Res+4 during combat.\xe3\x80\x90Savior\xe3\x80\x91 Unit takes ally's space, enters combat in ally's place, and receives all after-combat effects.  """
438,Domain of Flame,https://img.game8.co/3418229/a9a34555b06ae1bdc49c0db62e17f31f.png/show,"Grants Atk/Def+4 and the effect ""if unit\'s Atk > foe\'s Res during combat, unit\'s first attack deals damage = 30% of unit\'s Atk minus foe\'s Res"" to allies within 2 spaces during combat. If unit is within 2 spaces of an ally, grants Atk/Def+4 to unit during combat, and also, if unit\'s Atk > foe\'s Res during combat, unit\'s first attack deals damage = 30% of unit\'s Atk minus foe\'s Res."
439,Worldbreaker,https://img.game8.co/3454814/5373f784be8b74315ae81e8ae2afc8f0.png/show,Grants Special cooldown charge +1 per attack during combat to unit and allies within 2 spaces. (Only highest value applied. Does not stack.)
440,,,
